step,strain,stress_pa,stress_norm,intact_bonds,broken_bonds,crossing_bonds
0,0.000000000,0.000000,0.000000000,253,0,13
20,0.000001538,132490.263389,0.000665446,253,0,13
40,0.000003077,266020.886692,0.001336117,253,0,13
60,0.000004615,403190.303784,0.002025064,253,0,13
80,0.000006154,542478.517499,0.002724654,253,0,13
100,0.000007692,678179.413575,0.003406225,253,0,13
120,0.000009231,810272.537864,0.004069676,253,0,13
140,0.000010769,940629.925077,0.004724409,253,0,13
160,0.000012308,1065950.600679,0.005353845,253,0,13
180,0.000013846,1186773.689933,0.005960692,253,0,13
200,0.000015385,1304144.980530,0.006550201,253,0,13
220,0.000016923,1419193.419762,0.007128043,253,0,13
240,0.000018462,1532891.427920,0.007699103,253,0,13
260,0.000020000,1645960.198683,0.008267003,253,0,13
280,0.000021538,1758858.847505,0.008834047,253,0,13
300,0.000023077,1871813.430836,0.009401373,253,0,13
320,0.000024615,1984864.753153,0.009969185,253,0,13
340,0.000026154,2097928.207560,0.010537058,253,0,13
360,0.000027692,2210862.964582,0.011104284,253,0,13
380,0.000029231,2323545.505901,0.011670244,253,0,13
400,0.000030769,2435938.599640,0.012234749,253,0,13
420,0.000032308,2548144.754285,0.012798316,253,0,13
440,0.000033846,2660434.376228,0.013362302,253,0,13
460,0.000035385,2773242.963891,0.013928895,253,0,13
480,0.000036923,2887137.352141,0.014500941,253,0,13
500,0.000038462,3002756.639663,0.015081651,253,0,13
520,0.000040000,3120737.637532,0.015674222,253,0,13
540,0.000041538,3241636.697594,0.016281450,253,0,13
560,0.000043077,3365859.486902,0.016905372,253,0,13
580,0.000044615,3493608.059104,0.017547002,253,0,13
600,0.000046154,3624851.138831,0.018206184,253,0,13
620,0.000047692,3759319.676141,0.018881565,253,0,13
640,0.000049231,3896526.152947,0.019570699,253,0,13
660,0.000050769,4035803.340840,0.020270233,253,0,13
680,0.000052308,4176356.489491,0.020976175,253,0,13
700,0.000053846,4317322.302936,0.021684190,253,0,13
720,0.000055385,4457828.398413,0.022389897,253,0,13
740,0.000056923,4597047.984086,0.023089141,253,0,13
760,0.000058462,4734245.938616,0.023778232,253,0,13
780,0.000060000,4868814.041786,0.024454114,253,0,13
800,0.000061538,5000294.555464,0.025114488,253,0,13
820,0.000063077,5128392.532873,0.025757873,253,0,13
840,0.000064615,5252978.058723,0.026383617,253,0,13
860,0.000066154,5374080.089987,0.026991864,253,0,13
880,0.000067692,5491873.721349,0.027583494,253,0,13
900,0.000069231,5606662.621304,0.028160033,253,0,13
920,0.000070769,5718858.164946,0.028723547,253,0,13
940,0.000072308,5828956.513633,0.029276527,253,0,13
960,0.000073846,5937514.626453,0.029821771,253,0,13
980,0.000075385,6045125.976783,0.030362260,253,0,13
1000,0.000076923,6152396.608138,0.030901038,253,0,13
1020,0.000078462,6259922.091977,0.031441095,253,0,13
1040,0.000080000,6368265.930774,0.031985263,253,0,13
1060,0.000081538,6477939.953001,0.032536112,253,0,13
1080,0.000083077,6589387.249154,0.033095868,253,0,13
1100,0.000084615,6702968.175256,0.033666339,253,0,13
1120,0.000086154,6818949.887681,0.034248869,253,0,13
1140,0.000087692,6937499.766459,0.034844298,253,0,13
1160,0.000089231,7058682.936254,0.035452953,253,0,13
1180,0.000090769,7182463.915915,0.036074656,253,0,13
1200,0.000092308,7308712.233848,0.036708751,253,0,13
1220,0.000093846,7437211.655603,0.037354152,253,0,13
1240,0.000095385,7567672.497405,0.038009405,253,0,13
1260,0.000096923,7699746.359890,0.038672759,253,0,13
1280,0.000098462,7833042.519294,0.039342253,253,0,13
1300,0.000100000,7967145.165205,0.040015797,253,0,13
1320,0.000101538,8101630.673700,0.040691264,253,0,13
1340,0.000103077,8236084.152105,0.041366570,253,0,13
1360,0.000104615,8370114.576371,0.042039752,253,0,13
1380,0.000106154,8503367.959770,0.042709030,253,0,13
1400,0.000107692,8635538.128015,0.043372869,253,0,13
1420,0.000109231,8766374.824912,0.044030009,253,0,13
1440,0.000110769,8895689.020961,0.044679503,253,0,13
1460,0.000112308,9023355.438662,0.045320720,253,0,13
1480,0.000113846,9149312.434942,0.045953352,253,0,13
1500,0.000115385,9273559.486936,0.046577396,253,0,13
1520,0.000116923,9396152.610092,0.047193132,253,0,13
1540,0.000118462,9517198.094566,0.047801095,253,0,13
1560,0.000120000,9636844.977395,0.048402034,253,0,13
1580,0.000121538,9755276.676353,0.048996869,253,0,13
1600,0.000123077,9872702.196701,0.049586651,253,0,13
1620,0.000124615,9989347.291132,0.050172513,253,0,13
1640,0.000126154,10105445.907552,0.050755630,253,0,13
1660,0.000127692,10221232.203641,0.051337178,253,0,13
1680,0.000129231,10336933.347319,0.051918299,253,0,13
1700,0.000130769,10452763.259722,0.052500067,253,0,13
1720,0.000132308,10568917.397972,0.053083463,253,0,13
1740,0.000133846,10685568.620156,0.053669355,253,0,13
1760,0.000135385,10802864.127504,0.054258484,253,0,13
1780,0.000136923,10920923.439990,0.054851449,253,0,13
1800,0.000138462,11039837.331996,0.055448706,253,0,13
1820,0.000140000,11159667.634029,0.056050566,253,0,13
1840,0.000141538,11280447.794881,0.056657196,253,0,13
1860,0.000143077,11402184.094173,0.057268629,253,0,13
1880,0.000144615,11524857.396114,0.057884768,253,0,13
1900,0.000146154,11648425.342103,0.058505401,253,0,13
1920,0.000147692,11772824.887892,0.059130210,253,0,13
1940,0.000149231,11897975.101299,0.059758790,253,0,13
1960,0.000150769,12023780.146572,0.060390659,253,0,13
1980,0.000152308,12150132.390645,0.061025276,253,0,13
2000,0.000153846,12276915.573940,0.061662057,253,0,13
2020,0.000155385,12404007.994150,0.062300392,253,0,13
2040,0.000156923,12531285.654410,0.062939657,253,0,13
2060,0.000158462,12658625.329932,0.063579233,253,0,13
2080,0.000160000,12785907.506349,0.064218521,253,0,13
2100,0.000161538,12913019.143566,0.064856952,253,0,13
2120,0.000163077,13039856.217919,0.065494004,253,0,13
2140,0.000164615,13166325.995865,0.066129211,253,0,13
2160,0.000166154,13292348.993245,0.066762175,253,0,13
2180,0.000167692,13417860.577212,0.067392569,253,0,13
2200,0.000169231,13542812.173282,0.068020152,253,0,13
2220,0.000170769,13667172.045871,0.068644762,253,0,13
2240,0.000172308,13790925.631257,0.069266327,253,0,13
2260,0.000173846,13914075.411708,0.069884859,253,0,13
2280,0.000175385,14036640.332728,0.070500454,253,0,13
2300,0.000176923,14158654.778839,0.071113284,253,0,13
2320,0.000178462,14280167.137253,0.071723592,253,0,13
2340,0.000180000,14401237.992176,0.072331683,253,0,13
2360,0.000181538,14521938.005644,0.072937911,253,0,13
2380,0.000183077,14642345.551411,0.073542670,253,0,13
2400,0.000184615,14762544.177454,0.074146380,253,0,13
2420,0.000186154,14882619.978464,0.074749473,253,0,13
2440,0.000187692,15002658.963304,0.075352381,253,0,13
2460,0.000189231,15122744.501612,0.075955522,253,0,13
2480,0.000190769,15242954.930657,0.076559291,253,0,13
2500,0.000192308,15363361.397061,0.077164045,253,0,13
2520,0.000193846,15484025.998065,0.077770095,253,0,13
2540,0.000195385,15605000.275968,0.078377701,253,0,13
2560,0.000196923,15726324.104801,0.078987062,253,0,13
2580,0.000198462,15848024.993855,0.079598317,253,0,13
2600,0.000200000,15970117.816887,0.080211541,253,0,13
2620,0.000201538,16092604.960074,0.080826745,253,0,13
2640,0.000203077,16215476.867232,0.081443882,253,0,13
2660,0.000204615,16338712.946818,0.082062848,253,0,13
2680,0.000206154,16462282.794127,0.082683490,253,0,13
2700,0.000207692,16586147.671925,0.083305614,253,0,13
2720,0.000209231,16710262.186648,0.083928991,253,0,13
2740,0.000210769,16834576.092222,0.084553371,253,0,13
2760,0.000212308,16959036.153184,0.085178484,253,0,13
2780,0.000213846,17083587.999455,0.085804058,253,0,13
2800,0.000215385,17208177.909271,0.086429824,253,0,13
2820,0.000216923,17332754.462853,0.087055522,253,0,13
2840,0.000218462,17457270.017518,0.087680914,253,0,13
2860,0.000220000,17581681.964187,0.088305786,253,0,13
2880,0.000221538,17705953.735722,0.088929953,253,0,13
2900,0.000223077,17830055.548253,0.089553267,253,0,13
2920,0.000224615,17953964.868114,0.090175615,253,0,13
2940,0.000226154,18077666.606383,0.090796919,253,0,13
2960,0.000227692,18201153.054033,0.091417142,253,0,13
2980,0.000229231,18324423.577962,0.092036281,253,0,13
3000,0.000230769,18447484.106139,0.092654365,253,0,13
3020,0.000232308,18570346.435319,0.093271454,253,0,13
3040,0.000233846,18693027.398585,0.093887631,253,0,13
3060,0.000235385,18815547.932253,0.094503003,253,0,13
3080,0.000236923,18937932.082052,0.095117690,253,0,13
3100,0.000238462,19060205.987835,0.095731823,253,0,13
3120,0.000240000,19182396.883067,0.096345539,253,0,13
3140,0.000241538,19304532.142413,0.096958976,253,0,13
3160,0.000243077,19426638.405845,0.097572267,253,0,13
3180,0.000244615,19548740.802709,0.098185539,253,0,13
3200,0.000246154,19670862.293734,0.098798907,253,0,13
3220,0.000247692,19793023.142988,0.099412472,253,0,13
3240,0.000249231,19915240.526249,0.100026321,253,0,13
3260,0.000250769,20037528.277222,0.100640524,253,0,13
3280,0.000252308,20159896.767217,0.101255132,253,0,13
3300,0.000253846,20282352.910666,0.101870180,253,0,13
3320,0.000255385,20404900.284307,0.102485687,253,0,13
3340,0.000256923,20527539.345503,0.103101654,253,0,13
3360,0.000258462,20650267.732912,0.103718070,253,0,13
3380,0.000260000,20773080.631405,0.104334910,253,0,13
3400,0.000261538,20895971.182579,0.104952141,253,0,13
3420,0.000263077,21018930.922405,0.105569718,253,0,13
3440,0.000264615,21141950.228677,0.106187595,253,0,13
3460,0.000266154,21265018.761495,0.106805720,253,0,13
3480,0.000267692,21388125.882585,0.107424038,253,0,13
3500,0.000269231,21511261.041031,0.108042496,253,0,13
3520,0.000270769,21634414.115169,0.108661045,253,0,13
3540,0.000272308,21757575.703257,0.109279637,253,0,13
3560,0.000273846,21880737.357648,0.109898229,253,0,13
3580,0.000275385,22003891.759859,0.110516784,253,0,13
3600,0.000276923,22127032.836187,0.111135273,253,0,13
3620,0.000278462,22250155.815484,0.111753671,253,0,13
3640,0.000280000,22373257.232819,0.112371960,253,0,13
3660,0.000281538,22496334.884170,0.112990130,253,0,13
3680,0.000283077,22619387.738313,0.113608175,253,0,13
3700,0.000284615,22742415.813775,0.114226097,253,0,13
3720,0.000286154,22865420.028359,0.114843898,253,0,13
3740,0.000287692,22988402.029655,0.115461587,253,0,13
3760,0.000289231,23111364.014852,0.116079176,253,0,13
3780,0.000290769,23234308.547783,0.116696678,253,0,13
3800,0.000292308,23357238.380612,0.117314105,253,0,13
3820,0.000293846,23480156.286744,0.117931473,253,0,13
3840,0.000295385,23603064.911019,0.118548794,253,0,13
3860,0.000296923,23725966.641487,0.119166081,253,0,13
3880,0.000298462,23848863.506618,0.119783343,253,0,13
3900,0.000300000,23971757.100035,0.120400588,253,0,13
3920,0.000301538,24094648.534230,0.121017823,253,0,13
3940,0.000303077,24217538.422841,0.121635050,253,0,13
3960,0.000304615,24340426.890762,0.122252270,253,0,13
3980,0.000306154,24463313.609464,0.122869481,253,0,13
4000,0.000307692,24586197.854905,0.123486679,253,0,13
4020,0.000309231,24709078.584028,0.124103860,253,0,13
4040,0.000310769,24831954.525618,0.124721017,253,0,13
4060,0.000312308,24954824.280732,0.125338143,253,0,13
4080,0.000313846,25077686.428038,0.125955231,253,0,13
4100,0.000315385,25200539.628827,0.126572273,253,0,13
4120,0.000316923,25323382.727341,0.127189265,253,0,13
4140,0.000318462,25446214.841773,0.127806202,253,0,13
4160,0.000320000,25569035.442352,0.128423081,253,0,13
4180,0.000321538,25691844.412940,0.129039902,253,0,13
4200,0.000323077,25814642.094052,0.129656665,253,0,13
4220,0.000324615,25937429.305027,0.130273377,253,0,13
4240,0.000326154,26060207.345229,0.130890042,253,0,13
4260,0.000327692,26182977.973528,0.131506670,253,0,13
4280,0.000329231,26305743.367427,0.132123272,253,0,13
4300,0.000330769,26428506.063273,0.132739860,253,0,13
4320,0.000332308,26551268.879930,0.133356448,253,0,13
4340,0.000333846,26674034.828747,0.133973053,253,0,13
4360,0.000335385,26796807.013606,0.134589689,253,0,13
4380,0.000336923,26919588.524472,0.135206371,253,0,13
4400,0.000338462,27042382.328766,0.135823116,253,0,13
4420,0.000340000,27165191.164514,0.136439936,253,0,13
4440,0.000341538,27288017.439253,0.137056843,253,0,13
4460,0.000343077,27410863.138506,0.137673848,253,0,13
4480,0.000344615,27533729.747155,0.138290958,253,0,13
4500,0.000346154,27656618.186766,0.138908178,253,0,13
4520,0.000347692,27779528.770934,0.139525509,253,0,13
4540,0.000349231,27902461.180448,0.140142949,253,0,13
4560,0.000350769,28025414.459287,0.140760495,253,0,13
4580,0.000352308,28148387.031443,0.141378137,253,0,13
4600,0.000353846,28271376.738259,0.141995865,253,0,13
4620,0.000355385,28394380.895009,0.142613666,253,0,13
4640,0.000356923,28517396.364659,0.143231524,253,0,13
4660,0.000358462,28640419.646596,0.143849421,253,0,13
4680,0.000360000,28763446.977289,0.144467338,253,0,13
4700,0.000361538,28886474.439527,0.145085256,253,0,13
4720,0.000363077,29009498.076652,0.145703155,253,0,13
4740,0.000364615,29132514.008308,0.146321015,253,0,13
4760,0.000366154,29255518.543613,0.146938817,253,0,13
4780,0.000367692,29378508.288473,0.147556546,253,0,13
4800,0.000369231,29501480.243636,0.148174185,253,0,13
4820,0.000370769,29624431.890305,0.148791722,253,0,13
4840,0.000372308,29747361.261058,0.149409147,253,0,13
4860,0.000373846,29870266.993708,0.150026454,253,0,13
4880,0.000375385,29993148.366743,0.150643638,253,0,13
4900,0.000376923,30116005.315706,0.151260700,253,0,13
4920,0.000378462,30238838.429689,0.151877642,253,0,13
4940,0.000380000,30361648.928963,0.152494470,253,0,13
4960,0.000381538,30484438.624267,0.153111193,253,0,13
4980,0.000383077,30607209.859340,0.153727825,253,0,13
5000,0.000384615,30729965.438991,0.154344377,253,0,13
5020,0.000386154,30852708.544535,0.154960867,253,0,13
5040,0.000387692,30975442.639947,0.155577311,253,0,13
5060,0.000389231,31098171.371235,0.156193729,253,0,13
5080,0.000390769,31220898.462370,0.156810138,253,0,13
5100,0.000392308,31343627.610998,0.157426558,253,0,13
5120,0.000393846,31466362.386680,0.158043005,253,0,13
5140,0.000395385,31589106.134755,0.158659498,253,0,13
5160,0.000396923,31711861.888816,0.159276052,253,0,13
5180,0.000398462,31834632.293496,0.159892679,253,0,13
5200,0.000400000,31957419.540107,0.160509390,253,0,13
5220,0.000401538,32080225.316454,0.161126194,253,0,13
5240,0.000403077,32203050.772025,0.161743098,253,0,13
5260,0.000404615,32325896.498928,0.162360103,253,0,13
5280,0.000406154,32448762.529029,0.162977210,253,0,13
5300,0.000407692,32571648.346732,0.163594417,253,0,13
5320,0.000409231,32694552.916600,0.164211717,253,0,13
5340,0.000410769,32817474.724794,0.164829105,253,0,13
5360,0.000412308,32940411.832487,0.165446569,253,0,13
5380,0.000413846,33063361.939691,0.166064098,253,0,13
5400,0.000415385,33186322.457101,0.166681680,253,0,13
5420,0.000416923,33309290.583959,0.167299300,253,0,13
5440,0.000418462,33432263.389322,0.167916943,253,0,13
5460,0.000420000,33555237.894504,0.168534595,253,0,13
5480,0.000421538,33678211.154306,0.169152241,253,0,13
5500,0.000423077,33801180.334805,0.169769866,253,0,13
5520,0.000424615,33924142.785550,0.170387457,253,0,13
5540,0.000426154,34047096.104632,0.171005003,253,0,13
5560,0.000427692,34170038.194667,0.171622492,253,0,13
5580,0.000429231,34292967.308721,0.172239916,253,0,13
5600,0.000430769,34415882.085226,0.172857268,253,0,13
5620,0.000432308,34538781.571263,0.173474543,253,0,13
5640,0.000433846,34661665.233947,0.174091739,253,0,13
5660,0.000435385,34784532.960164,0.174708855,253,0,13
5680,0.000436923,34907385.044854,0.175325892,253,0,13
5700,0.000438462,35030222.168962,0.175942854,253,0,13
5720,0.000440000,35153045.367653,0.176559746,253,0,13
5740,0.000441538,35275855.990242,0.177176575,253,0,13
5760,0.000443077,35398655.653230,0.177793348,253,0,13
5780,0.000444615,35521446.188056,0.178410076,253,0,13
5800,0.000446154,35644229.584884,0.179026768,253,0,13
5820,0.000447692,35767007.934553,0.179643435,253,0,13
5840,0.000449231,35889783.370070,0.180260087,253,0,13
5860,0.000450769,36012558.009195,0.180876735,253,0,13
5880,0.000452308,36135333.899857,0.181493390,253,0,13
5900,0.000453846,36258112.969533,0.182110060,253,0,13
5920,0.000455385,36380896.979974,0.182726755,253,0,13
5940,0.000456923,36503687.488102,0.183343483,253,0,13
5960,0.000458462,36626485.814005,0.183960250,253,0,13
5980,0.000460000,36749293.016479,0.184577062,253,0,13
6000,0.000461538,36872109.876535,0.185193922,253,0,13
6020,0.000463077,36994936.888948,0.185810833,253,0,13
6040,0.000464615,37117774.261507,0.186427796,253,0,13
6060,0.000466154,37240621.922126,0.187044811,253,0,13
6080,0.000467692,37363479.532683,0.187661876,253,0,13
6100,0.000469231,37486346.509443,0.188278988,253,0,13
6120,0.000470769,37609222.048760,0.188896143,253,0,13
6140,0.000472308,37732105.157481,0.189513336,253,0,13
6160,0.000473846,37854994.686826,0.190130561,253,0,13
6180,0.000475385,37977889.368819,0.190747812,253,0,13
6200,0.000476923,38100787.854083,0.191365082,253,0,13
6220,0.000478462,38223688.749857,0.191982364,253,0,13
6240,0.000480000,38346590.657483,0.192599652,253,0,13
6260,0.000481538,38469492.208183,0.193216937,253,0,13
6280,0.000483077,38592392.096339,0.193834214,253,0,13
6300,0.000484615,38715289.109507,0.194451477,253,0,13
6320,0.000486154,38838182.154560,0.195068720,253,0,13
6340,0.000487692,38961070.279507,0.195685938,253,0,13
6360,0.000489231,39083952.690557,0.196303128,253,0,13
6380,0.000490769,39206828.764336,0.196920285,253,0,13
6400,0.000492308,39329698.055046,0.197537409,253,0,13
6420,0.000493846,39452560.296783,0.198154497,253,0,13
6440,0.000495385,39575415.401121,0.198771549,253,0,13
6460,0.000496923,39698263.450436,0.199388566,253,0,13
6480,0.000498462,39821104.687095,0.200005548,253,0,13
6500,0.000500000,39943939.499247,0.200622499,253,0,13
6520,0.000501538,40066768.403685,0.201239419,253,0,13
6540,0.000503077,40189592.026414,0.201856314,253,0,13
6560,0.000504615,40312411.081549,0.202473185,253,0,13
6580,0.000506154,40435226.349026,0.203090037,253,0,13
6600,0.000507692,40558038.652056,0.203706874,253,0,13
6620,0.000509231,40680848.834679,0.204323701,253,0,13
6640,0.000510769,40803657.740060,0.204940521,253,0,13
6660,0.000512308,40926466.190033,0.205557339,253,0,13
6680,0.000513846,41049274.966359,0.206174159,253,0,13
6700,0.000515385,41172084.793964,0.206790983,253,0,13
6720,0.000516923,41294896.326604,0.207407817,253,0,13
6740,0.000518462,41417710.135129,0.208024662,253,0,13
6760,0.000520000,41540526.698431,0.208641520,253,0,13
6780,0.000521538,41663346.397094,0.209258395,253,0,13
6800,0.000523077,41786169.509899,0.209875286,253,0,13
6820,0.000524615,41908996.213012,0.210492196,253,0,13
6840,0.000526154,42031826.581571,0.211109124,253,0,13
6860,0.000527692,42154660.593705,0.211726070,253,0,13
6880,0.000529231,42277498.136679,0.212343034,253,0,13
6900,0.000530769,42400339.014631,0.212960015,253,0,13
6920,0.000532308,42523182.958014,0.213577011,253,0,13
6940,0.000533846,42646029.634035,0.214194021,253,0,13
6960,0.000535385,42768878.658137,0.214811043,253,0,13
6980,0.000536923,42891729.605650,0.215428074,253,0,13
7000,0.000538462,43014582.023979,0.216045113,253,0,13
7020,0.000540000,43137435.444559,0.216662157,253,0,13
7040,0.000541538,43260289.394218,0.217279203,253,0,13
7060,0.000543077,43383143.406303,0.217896250,253,0,13
7080,0.000544615,43505997.030616,0.218513295,253,0,13
7100,0.000546154,43628849.842526,0.219130336,253,0,13
7120,0.000547692,43751701.450854,0.219747370,253,0,13
7140,0.000549231,43874551.504539,0.220364397,253,0,13
7160,0.000550769,43997399.697952,0.220981415,253,0,13
7180,0.000552308,44120245.774887,0.221598422,253,0,13
7200,0.000553846,44243089.531206,0.222215417,253,0,13
7220,0.000555385,44365930.816155,0.222832400,253,0,13
7240,0.000556923,44488769.532526,0.223449370,253,0,13
7260,0.000558462,44611605.635560,0.224066327,253,0,13
7280,0.000560000,44734439.130854,0.224683270,253,0,13
7300,0.000561538,44857270.071346,0.225300201,253,0,13
7320,0.000563077,44980098.553545,0.225917120,253,0,13
7340,0.000564615,45102924.712945,0.226534027,253,0,13
7360,0.000566154,45225748.719135,0.227150923,253,0,13
7380,0.000567692,45348570.770346,0.227767809,253,0,13
7400,0.000569231,45471391.087910,0.228384687,253,0,13
7420,0.000570769,45594209.910418,0.229001557,253,0,13
7440,0.000572308,45717027.488096,0.229618420,253,0,13
7460,0.000573846,45839844.077142,0.230235279,253,0,13
7480,0.000575385,45962659.934385,0.230852134,253,0,13
7500,0.000576923,46085475.312099,0.231468987,253,0,13
7520,0.000578462,46208290.453409,0.232085839,253,0,13
7540,0.000580000,46331105.587976,0.232702690,253,0,13
7560,0.000581538,46453920.928221,0.233319543,253,0,13
7580,0.000583077,46576736.666081,0.233936397,253,0,13
7600,0.000584615,46699552.970329,0.234553254,253,0,13
7620,0.000586154,46822369.984385,0.235170115,253,0,13
7640,0.000587692,46945187.824862,0.235786981,253,0,13
7660,0.000589231,47068006.580428,0.236403850,253,0,13
7680,0.000590769,47190826.311439,0.237020725,253,0,13
7700,0.000592308,47313647.049976,0.237637604,253,0,13
7720,0.000593846,47436468.800470,0.238254489,253,0,13
7740,0.000595385,47559291.540624,0.238871379,253,0,13
7760,0.000596923,47682115.222981,0.239488273,253,0,13
7780,0.000598462,47804939.776752,0.240105172,253,0,13
7800,0.000600000,47927765.109940,0.240722075,253,0,13
7820,0.000601538,48050591.111910,0.241338981,253,0,13
7840,0.000603077,48173417.656075,0.241955890,253,0,13
7860,0.000604615,48296244.602788,0.242572801,253,0,13
7880,0.000606154,48419071.802409,0.243189713,253,0,13
7900,0.000607692,48541899.098457,0.243806625,253,0,13
7920,0.000609231,48664726.330772,0.244423538,253,0,13
7940,0.000610769,48787553.338598,0.245040449,253,0,13
7960,0.000612308,48910379.963739,0.245657358,253,0,13
7980,0.000613846,49033206.053491,0.246274264,253,0,13
8000,0.000615385,49156031.463362,0.246891168,253,0,13
8020,0.000616923,49278856.059701,0.247508067,253,0,13
8040,0.000618462,49401679.721972,0.248124961,253,0,13
8060,0.000620000,49524502.344784,0.248741850,253,0,13
8080,0.000621538,49647323.839525,0.249358733,253,0,13
8100,0.000623077,49770144.135803,0.249975611,253,0,13
8120,0.000624615,49892963.182325,0.250592482,253,0,13
8140,0.000626154,50015780.947547,0.251209347,253,0,13
8160,0.000627692,50138597.419842,0.251826205,253,0,13
8180,0.000629231,50261412.607242,0.252443057,253,0,13
8200,0.000630769,50384226.536966,0.253059902,253,0,13
8220,0.000632308,50507039.254385,0.253676742,253,0,13
8240,0.000633846,50629850.821731,0.254293575,253,0,13
8260,0.000635385,50752661.316519,0.254910403,253,0,13
8280,0.000636923,50875470.829584,0.255527227,253,0,13
8300,0.000638462,50998279.462992,0.256144046,253,0,13
8320,0.000640000,51121087.327664,0.256760861,253,0,13
8340,0.000641538,51243894.540844,0.257377672,253,0,13
8360,0.000643077,51366701.223589,0.257994481,253,0,13
8380,0.000644615,51489507.498095,0.258611288,253,0,13
8400,0.000646154,51612313.485110,0.259228094,253,0,13
8420,0.000647692,51735119.301313,0.259844899,253,0,13
8440,0.000649231,51857925.057042,0.260461703,253,0,13
8460,0.000650769,51980730.853882,0.261078508,253,0,13
8480,0.000652308,52103536.782804,0.261695313,253,0,13
8500,0.000653846,52226342.922298,0.262312119,253,0,13
8520,0.000655385,52349149.336955,0.262928927,253,0,13
8540,0.000656923,52471956.076338,0.263545736,253,0,13
8560,0.000658462,52594763.174243,0.264162547,253,0,13
8580,0.000660000,52717570.648176,0.264779360,253,0,13
8600,0.000661538,52840378.499403,0.265396175,253,0,13
8620,0.000663077,52963186.713226,0.266012992,253,0,13
8640,0.000664615,53085995.259623,0.266629810,253,0,13
8660,0.000666154,53208804.094262,0.267246630,253,0,13
8680,0.000667692,53331613.159835,0.267863451,253,0,13
8700,0.000669231,53454422.387563,0.268480273,253,0,13
8720,0.000670769,53577231.699005,0.269097095,253,0,13
8740,0.000672308,53700041.008079,0.269713918,253,0,13
8760,0.000673846,53822850.223088,0.270330739,253,0,13
8780,0.000675385,53945659.249058,0.270947560,253,0,13
8800,0.000676923,54068467.989849,0.271564380,253,0,13
8820,0.000678462,54191276.350340,0.272181197,253,0,13
8840,0.000680000,54314084.238743,0.272798012,253,0,13
8860,0.000681538,54436891.568438,0.273414825,253,0,13
8880,0.000683077,54559698.259942,0.274031634,253,0,13
8900,0.000684615,54682504.242500,0.274648439,253,0,13
8920,0.000686154,54805309.455488,0.275265241,253,0,13
8940,0.000687692,54928113.849580,0.275882038,253,0,13
8960,0.000689231,55050917.387642,0.276498832,253,0,13
8980,0.000690769,55173720.045167,0.277115621,253,0,13
9000,0.000692308,55296521.810625,0.277732405,253,0,13
9020,0.000693846,55419322.685332,0.278349185,253,0,13
9040,0.000695385,55542122.683146,0.278965960,253,0,13
9060,0.000696923,55664921.829686,0.279582731,253,0,13
9080,0.000698462,55787720.161577,0.280199499,253,0,13
9100,0.000700000,55910517.725224,0.280816262,253,0,13
9120,0.000701538,56033314.575452,0.281433021,253,0,13
9140,0.000703077,56156110.774063,0.282049778,253,0,13
9160,0.000704615,56278906.388127,0.282666531,253,0,13
9180,0.000706154,56401701.488298,0.283283282,253,0,13
9200,0.000707692,56524496.147112,0.283900031,253,0,13
9220,0.000709231,56647290.437174,0.284516778,253,0,13
9240,0.000710769,56770084.429493,0.285133523,253,0,13
9260,0.000712308,56892878.191879,0.285750267,253,0,13
9280,0.000713846,57015671.787376,0.286367010,253,0,13
9300,0.000715385,57138465.273071,0.286983753,253,0,13
9320,0.000716923,57261258.698750,0.287600496,253,0,13
9340,0.000718462,57384052.106178,0.288217238,253,0,13
9360,0.000720000,57506845.528135,0.288833981,253,0,13
9380,0.000721538,57629638.988049,0.289450723,253,0,13
9400,0.000723077,57752432.499771,0.290067466,253,0,13
9420,0.000724615,57875226.067438,0.290684209,253,0,13
9440,0.000726154,57998019.685765,0.291300953,253,0,13
9460,0.000727692,58120813.340425,0.291917696,253,0,13
9480,0.000729231,58243607.008681,0.292534440,253,0,13
9500,0.000730769,58366400.660218,0.293151184,253,0,13
9520,0.000732308,58489194.258065,0.293767927,253,0,13
9540,0.000733846,58611987.759735,0.294384670,253,0,13
9560,0.000735385,58734781.118309,0.295001412,253,0,13
9580,0.000736923,58857574.283773,0.295618153,253,0,13
9600,0.000738462,58980367.204260,0.296234893,253,0,13
9620,0.000740000,59103159.827298,0.296851631,253,0,13
9640,0.000741538,59225952.101126,0.297468368,253,0,13
9660,0.000743077,59348743.975855,0.298085103,253,0,13
9680,0.000744615,59471535.404550,0.298701835,253,0,13
9700,0.000746154,59594326.344269,0.299318565,253,0,13
9720,0.000747692,59717116.756869,0.299935293,253,0,13
9740,0.000749231,59839906.609846,0.300552017,253,0,13
9760,0.000750769,59962695.876752,0.301168739,253,0,13
9780,0.000752308,60085484.537710,0.301785457,253,0,13
9800,0.000753846,60208272.579624,0.302402173,253,0,13
9820,0.000755385,60331059.996214,0.303018885,253,0,13
9840,0.000756923,60453846.787947,0.303635594,253,0,13
9860,0.000758462,60576632.961750,0.304252300,253,0,13
9880,0.000760000,60699418.530672,0.304869003,253,0,13
9900,0.000761538,60822203.513295,0.305485703,253,0,13
9920,0.000763077,60944987.933119,0.306102400,253,0,13
9940,0.000764615,61067771.817862,0.306719095,253,0,13
9960,0.000766154,61190555.198589,0.307335787,253,0,13
9980,0.000767692,61313338.108957,0.307952477,253,0,13
10000,0.000769231,61436120.584270,0.308569164,253,0,13
10020,0.000770769,61558902.660595,0.309185850,253,0,13
10040,0.000772308,61681684.373952,0.309802533,253,0,13
10060,0.000773846,61804465.759372,0.310419215,253,0,13
10080,0.000775385,61927246.850220,0.311035896,253,0,13
10100,0.000776923,62050027.677482,0.311652575,253,0,13
10120,0.000778462,62172808.269095,0.312269253,253,0,13
10140,0.000780000,62295588.649372,0.312885930,253,0,13
10160,0.000781538,62418368.838682,0.313502606,253,0,13
10180,0.000783077,62541148.853107,0.314119281,253,0,13
10200,0.000784615,62663928.704147,0.314735955,253,0,13
10220,0.000786154,62786708.398766,0.315352629,253,0,13
10240,0.000787692,62909487.939290,0.315969302,253,0,13
10260,0.000789231,63032267.323589,0.316585973,253,0,13
10280,0.000790769,63155046.545329,0.317202645,253,0,13
10300,0.000792308,63277825.594204,0.317819315,253,0,13
10320,0.000793846,63400604.456405,0.318435984,253,0,13
10340,0.000795385,63523383.115038,0.319052653,253,0,13
10360,0.000796923,63646161.550642,0.319669320,253,0,13
10380,0.000798462,63768939.741722,0.320285986,253,0,13
10400,0.000800000,63891717.665340,0.320902650,253,0,13
10420,0.000801538,64014495.297689,0.321519313,253,0,13
10440,0.000803077,64137272.614670,0.322135975,253,0,13
10460,0.000804615,64260049.592476,0.322752635,253,0,13
10480,0.000806154,64382826.208050,0.323369293,253,0,13
10500,0.000807692,64505602.439689,0.323985949,253,0,13
10520,0.000809231,64628378.267396,0.324602603,253,0,13
10540,0.000810769,64751153.673305,0.325219255,253,0,13
10560,0.000812308,64873928.642012,0.325835905,253,0,13
10580,0.000813846,64996703.160746,0.326452552,253,0,13
10600,0.000815385,65119477.219679,0.327069197,253,0,13
10620,0.000816923,65242250.811933,0.327685840,253,0,13
10640,0.000818462,65365023.933623,0.328302481,253,0,13
10660,0.000820000,65487796.583865,0.328919119,253,0,13
10680,0.000821538,65610568.764655,0.329535755,253,0,13
10700,0.000823077,65733340.480752,0.330152388,253,0,13
10720,0.000824615,65856111.739342,0.330769019,253,0,13
10740,0.000826154,65978882.549866,0.331385648,253,0,13
10760,0.000827692,66101652.923757,0.332002275,253,0,13
10780,0.000829231,66224422.874027,0.332618899,253,0,13
10800,0.000830769,66347192.414886,0.333235522,253,0,13
10820,0.000832308,66469961.561486,0.333852142,253,0,13
10840,0.000833846,66592730.329480,0.334468761,253,0,13
10860,0.000835385,66715498.734600,0.335085378,253,0,13
10880,0.000836923,66838266.792464,0.335701993,253,0,13
10900,0.000838462,66961034.518031,0.336318606,253,0,13
10920,0.000840000,67083801.925423,0.336935218,253,0,13
10940,0.000841538,67206569.027652,0.337551828,253,0,13
10960,0.000843077,67329335.836287,0.338168437,253,0,13
10980,0.000844615,67452102.361334,0.338785045,253,0,13
11000,0.000846154,67574868.611041,0.339401650,253,0,13
11020,0.000847692,67697634.591802,0.340018255,253,0,13
11040,0.000849231,67820400.308083,0.340634858,253,0,13
11060,0.000850769,67943165.762374,0.341251460,253,0,13
11080,0.000852308,68065930.955252,0.341868061,253,0,13
11100,0.000853846,68188695.885449,0.342484660,253,0,13
11120,0.000855385,68311460.549884,0.343101258,253,0,13
11140,0.000856923,68434224.943876,0.343717855,253,0,13
11160,0.000858462,68556989.061302,0.344334450,253,0,13
11180,0.000860000,68679752.894715,0.344951044,253,0,13
11200,0.000861538,68802516.435647,0.345567637,253,0,13
11220,0.000863077,68925279.674804,0.346184227,253,0,13
11240,0.000864615,69048042.602258,0.346800817,253,0,13
11260,0.000866154,69170805.207758,0.347417404,253,0,13
11280,0.000867692,69293567.480947,0.348033990,253,0,13
11300,0.000869231,69416329.411530,0.348650575,253,0,13
11320,0.000870769,69539090.989601,0.349267157,253,0,13
11340,0.000872308,69661852.205747,0.349883738,253,0,13
11360,0.000873846,69784613.051286,0.350500317,253,0,13
11380,0.000875385,69907373.518434,0.351116894,253,0,13
11400,0.000876923,70030133.600429,0.351733469,253,0,13
11420,0.000878462,70152893.291640,0.352350042,253,0,13
11440,0.000880000,70275652.587627,0.352966613,253,0,13
11460,0.000881538,70398411.485188,0.353583182,253,0,13
11480,0.000883077,70521169.982457,0.354199749,253,0,13
11500,0.000884615,70643928.078822,0.354816314,253,0,13
11520,0.000886154,70766685.774917,0.355432877,253,0,13
11540,0.000887692,70889443.072555,0.356049438,253,0,13
11560,0.000889231,71012199.974653,0.356665997,253,0,13
11580,0.000890769,71134956.485095,0.357282554,253,0,13
11600,0.000892308,71257712.608714,0.357899109,253,0,13
11620,0.000893846,71380468.351011,0.358515662,253,0,13
11640,0.000895385,71503223.718137,0.359132214,253,0,13
11660,0.000896923,71625978.716609,0.359748763,253,0,13
11680,0.000898462,71748733.353312,0.360365311,253,0,13
11700,0.000900000,71871487.635218,0.360981857,253,0,13
11720,0.000901538,71994241.569240,0.361598401,253,0,13
11740,0.000903077,72116995.162120,0.362214943,253,0,13
11760,0.000904615,72239748.420304,0.362831484,253,0,13
11780,0.000906154,72362501.349766,0.363448023,253,0,13
11800,0.000907692,72485253.955905,0.364064560,253,0,13
11820,0.000909231,72608006.243473,0.364681096,253,0,13
11840,0.000910769,72730758.216484,0.365297630,253,0,13
11860,0.000912308,72853509.878107,0.365914163,253,0,13
11880,0.000913846,72976261.230726,0.366530694,253,0,13
11900,0.000915385,73099012.275773,0.367147224,253,0,13
11920,0.000916923,73221763.013894,0.367763752,253,0,13
11940,0.000918462,73344513.444839,0.368380278,253,0,13
11960,0.000920000,73467263.567514,0.368996803,253,0,13
11980,0.000921538,73590013.380107,0.369613327,253,0,13
12000,0.000923077,73712762.880032,0.370229849,253,0,13
12020,0.000924615,73835512.064164,0.370846369,253,0,13
12040,0.000926154,73958260.928758,0.371462888,253,0,13
12060,0.000927692,74081009.469700,0.372079405,253,0,13
12080,0.000929231,74203757.682513,0.372695920,253,0,13
12100,0.000930769,74326505.562511,0.373312434,253,0,13
12120,0.000932308,74449253.104857,0.373928946,253,0,13
12140,0.000933846,74572000.304765,0.374545456,253,0,13
12160,0.000935385,74694747.157519,0.375161965,253,0,13
12180,0.000936923,74817493.658629,0.375778471,253,0,13
12200,0.000938462,74940239.803867,0.376394976,253,0,13
12220,0.000940000,75062985.589390,0.377011480,253,0,13
12240,0.000941538,75185731.011817,0.377627981,253,0,13
12260,0.000943077,75308476.068284,0.378244481,253,0,13
12280,0.000944615,75431220.756460,0.378860978,253,0,13
12300,0.000946154,75553965.074587,0.379477474,253,0,13
12320,0.000947692,75676709.021553,0.380093968,253,0,13
12340,0.000949231,75799452.596821,0.380710460,253,0,13
12360,0.000950769,75922195.800494,0.381326950,253,0,13
12380,0.000952308,76044938.633231,0.381943439,253,0,13
12400,0.000953846,76167681.096237,0.382559925,253,0,13
12420,0.000955385,76290423.191250,0.383176410,253,0,13
12440,0.000956923,76413164.920394,0.383792893,253,0,13
12460,0.000958462,76535906.286254,0.384409374,253,0,13
12480,0.000960000,76658647.291686,0.385025853,253,0,13
12500,0.000961538,76781387.939797,0.385642330,253,0,13
12520,0.000963077,76904128.233874,0.386258806,253,0,13
12540,0.000964615,77026868.177262,0.386875280,253,0,13
12560,0.000966154,77149607.773375,0.387491752,253,0,13
12580,0.000967692,77272347.025492,0.388108222,253,0,13
12600,0.000969231,77395085.936826,0.388724691,253,0,13
12620,0.000970769,77517824.510294,0.389341158,253,0,13
12640,0.000972308,77640562.748654,0.389957623,253,0,13
12660,0.000973846,77763300.654307,0.390574087,253,0,13
12680,0.000975385,77886038.229245,0.391190549,253,0,13
12700,0.000976923,78008775.475172,0.391807009,253,0,13
12720,0.000978462,78131512.393296,0.392423468,253,0,13
12740,0.000980000,78254248.984441,0.393039925,253,0,13
12760,0.000981538,78376985.248962,0.393656380,253,0,13
12780,0.000983077,78499721.186804,0.394272834,253,0,13
12800,0.000984615,78622456.797493,0.394889286,253,0,13
12820,0.000986154,78745192.080199,0.395505736,253,0,13
12840,0.000987692,78867927.033676,0.396122185,253,0,13
12860,0.000989231,78990661.656421,0.396738632,253,0,13
12880,0.000990769,79113395.946617,0.397355078,253,0,13
12900,0.000992308,79236129.902231,0.397971521,253,0,13
12920,0.000993846,79358863.521060,0.398587963,253,0,13
12940,0.000995385,79481596.800806,0.399204404,253,0,13
12960,0.000996923,79604329.739086,0.399820842,253,0,13
12980,0.000998462,79727062.333523,0.400437279,253,0,13
13000,0.001000000,79849794.581787,0.401053715,253,0,13
13020,0.001001538,79972526.481612,0.401670148,253,0,13
13040,0.001003077,80095258.030912,0.402286580,253,0,13
13060,0.001004615,80217989.227813,0.402903010,253,0,13
13080,0.001006154,80340720.070621,0.403519438,253,0,13
13100,0.001007692,80463450.557895,0.404135864,253,0,13
13120,0.001009231,80586180.688511,0.404752289,253,0,13
13140,0.001010769,80708910.461618,0.405368712,253,0,13
13160,0.001012308,80831632.855332,0.405985097,251,2,13
13180,0.001013846,80953123.917249,0.406595298,251,2,13
13200,0.001015385,81066513.956741,0.407164811,251,2,13
13220,0.001016923,81162037.625286,0.407644589,250,3,13
13240,0.001018462,81228113.243769,0.407976460,250,3,13
13260,0.001020000,81204077.748819,0.407855740,249,4,13
13280,0.001021538,81029701.167130,0.406979915,249,4,13
13300,0.001023077,80729421.609364,0.405471731,249,4,13
13320,0.001024615,80352660.084402,0.403579408,249,4,13
13340,0.001026154,79509363.709333,0.399343866,248,5,13
13360,0.001027692,77997734.717654,0.391751556,248,5,13
13380,0.001029231,76581249.324698,0.384637114,248,5,13
13400,0.001030769,75543505.723090,0.379424941,248,5,13
13420,0.001032308,74815668.931571,0.375769307,247,6,13
13440,0.001033846,73918315.763990,0.371262259,247,6,13
13460,0.001035385,73077587.287302,0.367039615,247,6,13
13480,0.001036923,72516114.755353,0.364219562,246,7,13
13500,0.001038462,72330299.897937,0.363286288,246,7,13
13520,0.001040000,72572925.108212,0.364504898,246,7,13
13540,0.001041538,73139287.182933,0.367349509,246,7,13
13560,0.001043077,73866827.989759,0.371003656,246,7,13
13580,0.001044615,74621882.241815,0.374795993,246,7,13
13600,0.001046154,75322395.563831,0.378314393,246,7,13
13620,0.001047692,75928741.138178,0.381359825,246,7,13
13640,0.001049231,76427337.223591,0.383864074,246,7,13
13660,0.001050769,76817741.881811,0.385824922,246,7,13
13680,0.001052308,77105335.609878,0.387269390,246,7,13
13700,0.001053846,77298223.310820,0.388238188,246,7,13
13720,0.001055385,77406371.965853,0.388781376,246,7,13
13740,0.001056923,77441514.779665,0.388957884,246,7,13
13760,0.001058462,77417051.199905,0.388835014,246,7,13
13780,0.001060000,77347687.553948,0.388486628,246,7,13
13800,0.001061538,77248838.540262,0.387990148,246,7,13
13820,0.001063077,77135908.688566,0.387422947,246,7,13
13840,0.001064615,77023575.648402,0.386858743,246,7,13
13860,0.001066154,76925162.465211,0.386364452,246,7,13
13880,0.001067692,76852145.824476,0.385997719,246,7,13
13900,0.001069231,76813814.640527,0.385805197,246,7,13
13920,0.001070769,76817071.493200,0.385821554,246,7,13
13940,0.001072308,76866357.505940,0.386069098,246,7,13
13960,0.001073846,76963677.400520,0.386557898,246,7,13
13980,0.001075385,77108703.425955,0.387286306,246,7,13
14000,0.001076923,77298942.228850,0.388241799,246,7,13
14020,0.001078462,77529955.058735,0.389402085,246,7,13
14040,0.001080000,77795626.815478,0.390736448,246,7,13
14060,0.001081538,78088481.851242,0.392207342,246,7,13
14080,0.001083077,78400043.567396,0.393772193,246,7,13
14100,0.001084615,78721231.094209,0.395385390,246,7,13
14120,0.001086154,79042780.847817,0.397000406,246,7,13
14140,0.001087692,79355675.050876,0.398571949,246,7,13
14160,0.001089231,79651554.888218,0.400058036,246,7,13
14180,0.001090769,79923093.991518,0.401421868,246,7,13
14200,0.001092308,80164308.990687,0.402633395,246,7,13
14220,0.001093846,80370787.894262,0.403670457,246,7,13
14240,0.001095385,80539823.486914,0.404519455,246,7,13
14260,0.001096923,80670446.808609,0.405175524,246,7,13
14280,0.001098462,80763363.997600,0.405642210,246,7,13
14300,0.001100000,80820807.272366,0.405930725,246,7,13
14320,0.001101538,80846316.744220,0.406058849,246,7,13
14340,0.001103077,80844473.544021,0.406049591,246,7,13
14360,0.001104615,80820606.217741,0.405929715,246,7,13
14380,0.001106154,80780491.620158,0.405728235,246,7,13
14400,0.001107692,80730068.991045,0.405474982,246,7,13
14420,0.001109231,80675182.079618,0.405199307,246,7,13
14440,0.001110769,80621359.692896,0.404928979,246,7,13
14460,0.001112308,80573640.466052,0.404689304,246,7,13
14480,0.001113846,80536443.472171,0.404502479,246,7,13
14500,0.001115385,80513482.853410,0.404387156,246,7,13
14520,0.001116923,80507722.159362,0.404358223,246,7,13
14540,0.001118462,80521362.565851,0.404426733,246,7,13
14560,0.001120000,80555858.540153,0.404599993,246,7,13
14580,0.001121538,80611954.650750,0.404881741,246,7,13
14600,0.001123077,80689737.874706,0.405272415,246,7,13
14620,0.001124615,80788700.707113,0.405769466,246,7,13
14640,0.001126154,80907811.417015,0.406367712,246,7,13
14660,0.001127692,81045588.756802,0.407059712,246,7,13
14680,0.001129231,81200179.203655,0.407836159,246,7,13
14700,0.001130769,81369435.337865,0.408686265,246,7,13
14720,0.001132308,81550994.237118,0.409598163,246,7,13
14740,0.001133846,81742354.826182,0.410559291,246,7,13
14760,0.001135385,81940953.030403,0.411556771,246,7,13
14780,0.001136923,82144233.417762,0.412577767,246,7,13
14800,0.001138462,82349715.852354,0.413609823,246,7,13
14820,0.001140000,82555055.590809,0.414641163,246,7,13
14840,0.001141538,82758095.277307,0.415660951,246,7,13
14860,0.001143077,82956907.457350,0.416659505,246,7,13
14880,0.001144615,83149826.538342,0.417628461,246,7,13
14900,0.001146154,83335469.554190,0.418560872,246,7,13
14920,0.001147692,83512745.608133,0.419451259,246,7,13
14940,0.001149231,83680854.424171,0.420295602,246,7,13
14960,0.001150769,83839274.983611,0.421091286,246,7,13
14980,0.001152308,83987745.708297,0.421836995,246,7,13
15000,0.001153846,84126238.035622,0.422532587,246,7,13
15020,0.001155385,84254925.478986,0.423178933,246,7,13
15040,0.001156923,84374150.365264,0.423777752,246,7,13
15060,0.001158462,84484390.380621,0.424331443,246,7,13
15080,0.001160000,84586226.852177,0.424842927,246,7,13
15100,0.001161538,84680316.363187,0.425315502,246,7,13
15120,0.001163077,84767366.876983,0.425752722,246,7,13
15140,0.001164615,84848119.067558,0.426158308,246,7,13
15160,0.001166154,84923333.059341,0.426536078,246,7,13
15180,0.001167692,84993780.308004,0.426889906,246,7,13
15200,0.001169231,85060239.938688,0.427223706,246,7,13
15220,0.001170769,85123498.529240,0.427541429,246,7,13
15240,0.001172308,85184352.101728,0.427847072,246,7,13
15260,0.001173846,85243608.977395,0.428144696,246,7,13
15280,0.001175385,85302092.158807,0.428438434,246,7,13
15300,0.001176923,85360640.021708,0.428732496,246,7,13
15320,0.001178462,85420104.311432,0.429031162,246,7,13
15340,0.001180000,85481344.725800,0.429338748,246,7,13
15360,0.001181538,85545219.700324,0.429659567,246,7,13
15380,0.001183077,85612573.368415,0.429997857,246,7,13
15400,0.001184615,85684219.019779,0.430357705,246,7,13
15420,0.001186154,85760919.700963,0.430742942,246,7,13
15440,0.001187692,85843366.872160,0.431157041,246,7,13
15460,0.001189231,85932158.234868,0.431603005,246,7,13
15480,0.001190769,86027775.969156,0.432083254,246,7,13
15500,0.001192308,86130566.657227,0.432599531,246,7,13
15520,0.001193846,86240724.125661,0.433152808,246,7,13
15540,0.001195385,86358276.316004,0.433743226,246,7,13
15560,0.001196923,86483077.104320,0.434370051,246,7,13
15580,0.001198462,86614803.746360,0.435031661,246,7,13
15600,0.001200000,86752960.345526,0.435725567,246,7,13
15620,0.001201538,86896887.440518,0.436448455,246,7,13
15640,0.001203077,87045777.508928,0.437196271,246,7,13
15660,0.001204615,87198695.896592,0.437964319,246,7,13
15680,0.001206154,87354606.426633,0.438747395,246,7,13
15700,0.001207692,87512400.729765,0.439539933,246,7,13
15720,0.001209231,87670930.175985,0.440336164,246,7,13
15740,0.001210769,87829039.185423,0.441130282,246,7,13
15760,0.001212308,87985598.654882,0.441916618,246,7,13
15780,0.001213846,88139538.253953,0.442689795,246,7,13
15800,0.001215385,88289876.420252,0.443444884,246,7,13
15820,0.001216923,88435747.006881,0.444177534,246,7,13
15840,0.001218462,88576421.701487,0.444884087,246,7,13
15860,0.001220000,88711327.532916,0.445561665,246,7,13
15880,0.001221538,88840058.998732,0.446208232,246,7,13
15900,0.001223077,88962384.573783,0.446822625,246,7,13
15920,0.001224615,89078247.584710,0.447404558,246,7,13
15940,0.001226154,89187761.648634,0.447954604,246,7,13
15960,0.001227692,89291201.068194,0.448474139,246,7,13
15980,0.001229231,89388986.740427,0.448965277,246,7,13
16000,0.001230769,89481668.270828,0.449430780,246,7,13
16020,0.001232308,89569903.081310,0.449873948,246,7,13
16040,0.001233846,89654433.360529,0.450298510,246,7,13
16060,0.001235385,89736061.728313,0.450708497,246,7,13
16080,0.001236923,89815626.472781,0.451108119,246,7,13
16100,0.001238462,89893977.175219,0.451501643,246,7,13
16120,0.001240000,89971951.465141,0.451893277,246,7,13
16140,0.001241538,90050353.554911,0.452287060,246,7,13
16160,0.001243077,90129935.091938,0.452686766,246,7,13
16180,0.001244615,90211378.746403,0.453095825,246,7,13
16200,0.001246154,90295284.826080,0.453517252,246,7,13
16220,0.001247692,90382161.085298,0.453953597,246,7,13
16240,0.001249231,90472415.775724,0.454406910,246,7,13
16260,0.001250769,90566353.876801,0.454878724,246,7,13
16280,0.001252308,90664176.347489,0.455370047,246,7,13
16300,0.001253846,90765982.159698,0.455881377,246,7,13
16320,0.001255385,90871772.809622,0.456412721,246,7,13
16340,0.001256923,90981458.956867,0.456963631,246,7,13
16360,0.001258462,91094868.811822,0.457533244,246,7,13
16380,0.001260000,91211757.879071,0.458120331,246,7,13
16400,0.001261538,91331819.667019,0.458723353,246,7,13
16420,0.001263077,91454696.988731,0.459340517,246,7,13
16440,0.001264615,91579993.505363,0.459969832,246,7,13
16460,0.001266154,91707285.197480,0.460609167,246,7,13
16480,0.001267692,91836131.490208,0.461256311,246,7,13
16500,0.001269231,91966085.801042,0.461909020,246,7,13
16520,0.001270769,92096705.324690,0.462565069,246,7,13
16540,0.001272308,92227559.912916,0.463222300,246,7,13
16560,0.001273846,92358239.949899,0.463878654,246,7,13
16580,0.001275385,92488363.160795,0.464532211,246,7,13
16600,0.001276923,92617580.326356,0.465181217,246,7,13
16620,0.001278462,92745579.903792,0.465824108,246,7,13
16640,0.001280000,92872091.578614,0.466459526,246,7,13
16660,0.001281538,92996888.789790,0.467086332,246,7,13
16680,0.001283077,93119790.284578,0.467703618,246,7,13
16700,0.001284615,93240660.768089,0.468310702,246,7,13
16720,0.001286154,93359410.718752,0.468907136,246,7,13
16740,0.001287692,93475995.443193,0.469492694,246,7,13
16760,0.001289231,93590413.444721,0.470067370,246,7,13
16780,0.001290769,93702704.178835,0.470631362,246,7,13
16800,0.001292308,93812945.267655,0.471185059,246,7,13
16820,0.001293846,93921249.243107,0.471729027,246,7,13
16840,0.001295385,94027759.887622,0.472263987,246,7,13
16860,0.001296923,94132648.239274,0.472790800,246,7,13
16880,0.001298462,94236108.328811,0.473310439,246,7,13
16900,0.001300000,94338352.714895,0.473823971,246,7,13
16920,0.001301538,94439607.886057,0.474332536,246,7,13
16940,0.001303077,94540109.597240,0.474837316,246,7,13
16960,0.001304615,94640098.210946,0.475339519,246,7,13
16980,0.001306154,94739814.113370,0.475840352,246,7,13
17000,0.001307692,94839493.275459,0.476341001,246,7,13
17020,0.001309231,94939363.028860,0.476842607,246,7,13
17040,0.001310769,95039638.123788,0.477346249,246,7,13
17060,0.001312308,95140517.132935,0.477852924,246,7,13
17080,0.001313846,95242179.260138,0.478363532,246,7,13
17100,0.001315385,95344781.606110,0.478878863,246,7,13
17120,0.001316923,95447773.569150,0.479396151,245,8,13
17140,0.001318462,95544871.236962,0.479883833,245,8,13
17160,0.001320000,95641297.358339,0.480368143,245,8,13
17180,0.001321538,95762875.455925,0.480978782,245,8,13
17200,0.001323077,95930744.699980,0.481821922,245,8,13
17220,0.001324615,96144330.814367,0.482894680,245,8,13
17240,0.001326154,96384089.233821,0.484098891,245,8,13
17260,0.001327692,96623745.284958,0.485302588,245,8,13
17280,0.001329231,96841769.016289,0.486397634,245,8,13
17300,0.001330769,97027316.122318,0.487329564,245,8,13
17320,0.001332308,97180493.119672,0.488098911,245,8,13
17340,0.001333846,97309069.281585,0.488744698,245,8,13
17360,0.001335385,97424072.136860,0.489322311,245,8,13
17380,0.001336923,97535998.481880,0.489884473,245,8,13
17400,0.001338462,97652433.295470,0.490469278,245,8,13
17420,0.001340000,97777131.328151,0.491095587,245,8,13
17440,0.001341538,97910213.040646,0.491764003,245,8,13
17460,0.001343077,98049010.991558,0.492461130,245,8,13
17480,0.001344615,98189162.330388,0.493165054,245,8,13
17500,0.001346154,98325671.439049,0.493850685,245,8,13
17520,0.001347692,98453793.610678,0.494494192,245,8,13
17540,0.001349231,98569683.698483,0.495076262,245,8,13
17560,0.001350769,98670808.003698,0.495584169,245,8,13
17580,0.001352308,98756142.442453,0.496012770,245,8,13
17600,0.001353846,98826187.980700,0.496364581,245,8,13
17620,0.001355385,98882835.804651,0.496649100,245,8,13
17640,0.001356923,98929115.545856,0.496881545,245,8,13
17660,0.001358462,98968861.850768,0.497081175,245,8,13
17680,0.001360000,99006336.840571,0.497269396,245,8,13
17700,0.001361538,99045846.776479,0.497467839,245,8,13
17720,0.001363077,99091389.046263,0.497696580,245,8,13
17740,0.001364615,99146359.846109,0.497972676,245,8,13
17760,0.001366154,99213344.093473,0.498309111,245,8,13
17780,0.001367692,99293998.381859,0.498714206,245,8,13
17800,0.001369231,99389026.756560,0.499191496,245,8,13
17820,0.001370769,99498239.286079,0.499740027,245,8,13
17840,0.001372308,99620676.015153,0.500354977,245,8,13
17860,0.001373846,99754774.579754,0.501028501,245,8,13
17880,0.001375385,99898558.655898,0.501750671,245,8,13
17900,0.001376923,100049826.139640,0.502510428,245,8,13
17920,0.001378462,100206319.817163,0.503296433,245,8,13
17940,0.001380000,100365868.413434,0.504097782,245,8,13
17960,0.001381538,100526491.432837,0.504904528,245,8,13
17980,0.001383077,100686466.365863,0.505708018,245,8,13
18000,0.001384615,100844361.078020,0.506501060,245,8,13
18020,0.001386154,100999037.194680,0.507277937,245,8,13
18040,0.001387692,101149631.955136,0.508034314,245,8,13
18060,0.001389231,101295526.426340,0.508767084,245,8,13
18080,0.001390769,101436307.372247,0.509474171,245,8,13
18100,0.001392308,101571728.777047,0.510154338,245,8,13
18120,0.001393846,101701677.341789,0.510807018,245,8,13
18140,0.001395385,101826144.513838,0.511432167,245,8,13
18160,0.001396923,101945205.998641,0.512030166,245,8,13
18180,0.001398462,102059008.408387,0.512601750,245,8,13
18200,0.001400000,102167761.800595,0.513147975,245,8,13
18220,0.001401538,102271736.364939,0.513670198,245,8,13
18240,0.001403077,102371261.385614,0.514170072,245,8,13
18260,0.001404615,102466724.761694,0.514649547,245,8,13
18280,0.001406154,102558571.713848,0.515110857,245,8,13
18300,0.001407692,102647301.747299,0.515556513,245,8,13
18320,0.001409231,102733463.395630,0.515989269,245,8,13
18340,0.001410769,102817646.672653,0.516412088,245,8,13
18360,0.001412308,102900473.471977,0.516828094,245,8,13
18380,0.001413846,102982586.356664,0.517240514,245,8,13
18400,0.001415385,103064636.277542,0.517652618,245,8,13
18420,0.001416923,103147269.764102,0.518067653,245,8,13
18440,0.001418462,103231116.072139,0.518488780,245,8,13
18460,0.001420000,103316774.675013,0.518919009,245,8,13
18480,0.001421538,103404803.379001,0.519361142,245,8,13
18500,0.001423077,103495707.247790,0.519817716,245,8,13
18520,0.001424615,103589928.452903,0.520290952,245,8,13
18540,0.001426154,103687837.133126,0.520782708,245,8,13
18560,0.001427692,103789723.344634,0.521294442,245,8,13
18580,0.001429231,103895790.209785,0.521827173,245,8,13
18600,0.001430769,104006148.415785,0.522381459,245,8,13
18620,0.001432308,104120812.259765,0.522957369,245,8,13
18640,0.001433846,104239697.474576,0.523554483,245,8,13
18660,0.001435385,104362621.086412,0.524171879,245,8,13
18680,0.001436923,104489303.544697,0.524808154,245,8,13
18700,0.001438462,104619373.322307,0.525461443,245,8,13
18720,0.001440000,104725140.831738,0.525992671,244,9,13
18740,0.001441538,104720558.402246,0.525969655,244,9,13
18760,0.001443077,104701531.980530,0.525874093,244,9,13
18780,0.001444615,104750177.739995,0.526118422,244,9,13
18800,0.001446154,104874964.778608,0.526745177,244,9,13
18820,0.001447692,105052326.284448,0.527635993,244,9,13
18840,0.001449231,105255406.921844,0.528655987,244,9,13
18860,0.001450769,105464382.533045,0.529705588,244,9,13
18880,0.001452308,105667458.112654,0.530725556,244,9,13
18900,0.001453846,105858871.582744,0.531686949,244,9,13
18920,0.001455385,106036653.070172,0.532579875,244,9,13
18940,0.001456923,106200915.493702,0.533404900,244,9,13
18960,0.001458462,106352706.946558,0.534167288,244,9,13
18980,0.001460000,106493292.619199,0.534873393,244,9,13
19000,0.001461538,106623754.047865,0.535528649,244,9,13
19020,0.001463077,106744830.268020,0.536136767,244,9,13
19040,0.001464615,106856939.565965,0.536699847,244,9,13
19060,0.001466154,106960319.218526,0.537219082,244,9,13
19080,0.001467692,107055218.459480,0.537695723,244,9,13
19100,0.001469231,107142085.436746,0.538132021,244,9,13
19120,0.001470769,107221703.326551,0.538531910,243,10,13
19140,0.001472308,107295254.855529,0.538901330,243,10,13
19160,0.001473846,107364367.545655,0.539248456,243,10,13
19180,0.001475385,107431016.131513,0.539583205,243,10,13
19200,0.001476923,107495798.813150,0.539908583,243,10,13
19220,0.001478462,107555031.314599,0.540206084,243,10,13
19240,0.001480000,107600582.629547,0.540434870,243,10,13
19260,0.001481538,107623495.051171,0.540549950,243,10,13
19280,0.001483077,107618912.389936,0.540526933,243,10,13
19300,0.001484615,107589452.420636,0.540378967,243,10,13
19320,0.001486154,107545637.193435,0.540158901,243,10,13
19340,0.001487692,107503621.445024,0.539947873,243,10,13
19360,0.001489231,107481405.220315,0.539836289,243,10,13
19380,0.001490769,107494897.749619,0.539904057,243,10,13
19400,0.001492308,107554878.101226,0.540205314,243,10,13
19420,0.001493846,107665386.661449,0.540760355,243,10,13
19440,0.001495385,107823604.397666,0.541555020,243,10,13
19460,0.001496923,108020944.141423,0.542546179,243,10,13
19480,0.001498462,108244911.963280,0.543671080,243,10,13
19500,0.001500000,108481269.793881,0.544858211,243,10,13
19520,0.001501538,108716097.082798,0.546037655,243,10,13
19540,0.001503077,108937464.393864,0.547149495,243,10,13
19560,0.001504615,109136559.708520,0.548149471,243,10,13
19580,0.001506154,109308224.735894,0.549011676,243,10,13
19600,0.001507692,109450950.089517,0.549728529,243,10,13
19620,0.001509231,109566439.356391,0.550308585,243,10,13
19640,0.001510769,109658883.198883,0.550772894,243,10,13
19660,0.001512308,109734089.753996,0.551150627,243,10,13
19680,0.001513846,109798602.839315,0.551474650,243,10,13
19700,0.001515385,109858911.730187,0.551777558,243,10,13
19720,0.001516923,109920822.223403,0.552088509,243,10,13
19740,0.001518462,109989024.126221,0.552431060,243,10,13
19760,0.001520000,110066859.625873,0.552821997,243,10,13
19780,0.001521538,110156273.056445,0.553271085,243,10,13
19800,0.001523077,110257906.699570,0.553781550,243,10,13
19820,0.001524615,110371299.405014,0.554351077,243,10,13
19840,0.001526154,110495143.955701,0.554973099,243,10,13
19860,0.001527692,110627563.564959,0.555638190,243,10,13
19880,0.001529231,110766375.763527,0.556335388,243,10,13
19900,0.001530769,110909321.363400,0.557053347,243,10,13
19920,0.001532308,111054245.619911,0.557781244,243,10,13
19940,0.001533846,111199227.025678,0.558509428,243,10,13
19960,0.001535385,111342655.685509,0.559229813,243,10,13
19980,0.001536923,111483267.688943,0.559936051,243,10,13
20000,0.001538462,111620144.393910,0.560623528,243,10,13
20020,0.001540000,111752686.363740,0.561289233,243,10,13
20040,0.001541538,111880571.277223,0.561931548,243,10,13
20060,0.001543077,112003703.898789,0.562549994,243,10,13
20080,0.001544615,112122164.549057,0.563144975,243,10,13
20100,0.001546154,112236160.771280,0.563717533,243,10,13
20120,0.001547692,112345985.260651,0.564269137,243,10,13
20140,0.001549231,112451981.735247,0.564801515,243,10,13
20160,0.001550769,112554519.325777,0.565316521,243,10,13
20180,0.001552308,112653975.240511,0.565816048,243,10,13
20200,0.001553846,112750724.883233,0.566301983,243,10,13
20220,0.001555385,112845138.219826,0.566776184,243,10,13
20240,0.001556923,112937580.956603,0.567240487,243,10,13
20260,0.001558462,113028418.978531,0.567696730,243,10,13
20280,0.001560000,113118024.474108,0.568146783,243,10,13
20300,0.001561538,113206782.237479,0.568592578,243,10,13
20320,0.001563077,113295094.780534,0.569036137,243,10,13
20340,0.001564615,113383385.106192,0.569479584,243,10,13
20360,0.001566154,113472096.281217,0.569925145,243,10,13
20380,0.001567692,113561687.289659,0.570375125,243,10,13
20400,0.001569231,113652625.026984,0.570831869,243,10,13
20420,0.001570769,113745372.682433,0.571297703,243,10,13
20440,0.001572308,113840375.124094,0.571774863,243,10,13
20460,0.001573846,113938042.215979,0.572265405,243,10,13
20480,0.001575385,114038731.232461,0.572771126,243,10,13
20500,0.001576923,114142729.671542,0.573293469,243,10,13
20520,0.001578462,114250239.792274,0.573833449,243,10,13
20540,0.001580000,114361366.113348,0.574391593,243,10,13
20560,0.001581538,114476106.916186,0.574967890,243,10,13
20580,0.001583077,114594350.517740,0.575561781,243,10,13
20600,0.001584615,114715876.738945,0.576172158,243,10,13
20620,0.001586154,114840363.625607,0.576797406,243,10,13
20640,0.001587692,114967399.111620,0.577435455,243,10,13
20660,0.001589231,115096496.978284,0.578083862,243,10,13
20680,0.001590769,115227116.184502,0.578739911,243,10,13
20700,0.001592308,115358682.441538,0.579400715,243,10,13
20720,0.001593846,115490610.792349,0.580063339,243,10,13
20740,0.001595385,115622327.935398,0.580724902,243,10,13
20760,0.001596923,115753293.101665,0.581382688,243,10,13
20780,0.001598462,115883016.440046,0.582034236,243,10,13
20800,0.001600000,116011074.076116,0.582677419,243,10,13
20820,0.001601538,116137119.260840,0.583310494,243,10,13
20840,0.001603077,116260889.299939,0.583932141,243,10,13
20860,0.001604615,116382208.228286,0.584541478,243,10,13
20880,0.001606154,116500985.449159,0.585138048,243,10,13
20900,0.001607692,116617210.778146,0.585721802,243,10,13
20920,0.001609231,116730946.504331,0.586293051,243,10,13
20940,0.001610769,116842317.198940,0.586852422,243,10,13
20960,0.001612308,116951498.061793,0.587400794,243,10,13
20980,0.001613846,117058702.598507,0.587939240,243,10,13
21000,0.001615385,117164170.374085,0.588468962,243,10,13
21020,0.001616923,117268155.496597,0.588991238,243,10,13
21040,0.001618462,117370916.361522,0.589507365,243,10,13
21060,0.001620000,117472707.042081,0.590018619,243,10,13
21080,0.001621538,117573770.557735,0.590526221,243,10,13
21100,0.001623077,117674334.100299,0.591031311,243,10,13
21120,0.001624615,117774606.158499,0.591534938,243,10,13
21140,0.001626154,117874775.361134,0.592038048,243,10,13
21160,0.001627692,117975010.766105,0.592541491,243,10,13
21180,0.001629231,118075463.257797,0.593046023,243,10,13
21200,0.001630769,118176267.682290,0.593552324,243,10,13
21220,0.001632308,118277545.345013,0.594061001,243,10,13
21240,0.001633846,118379406.519955,0.594572609,243,10,13
21260,0.001635385,118481952.663696,0.595087658,243,10,13
21280,0.001636923,118585278.091103,0.595606620,243,10,13
21300,0.001638462,118689470.943582,0.596129939,243,10,13
21320,0.001640000,118794613.360134,0.596658028,243,10,13
21340,0.001641538,118900780.840223,0.597191265,243,10,13
21360,0.001643077,119008040.860974,0.597729989,243,10,13
21380,0.001644615,119116450.873857,0.598274490,243,10,13
21400,0.001646154,119226055.856239,0.598824992,243,10,13
21420,0.001647692,119336885.627010,0.599381646,243,10,13
21440,0.001649231,119448952.153323,0.599944511,243,10,13
21460,0.001650769,119562247.077031,0.600513546,243,10,13
21480,0.001652308,119676739.674959,0.601088597,243,10,13
21500,0.001653846,119792375.440485,0.601669389,243,10,13
21520,0.001655385,119909075.435102,0.602255527,243,10,13
21540,0.001656923,120026736.513384,0.602846492,243,10,13
21560,0.001658462,120145232.473790,0.603441650,243,10,13
21580,0.001660000,120264416.136136,0.604040262,243,10,13
21600,0.001661538,120384122.296323,0.604641498,243,10,13
21620,0.001663077,120504171.462832,0.605244457,243,10,13
21640,0.001664615,120624374.240292,0.605848188,243,10,13
21660,0.001666154,120744536.194494,0.606451714,243,10,13
21680,0.001667692,120864463.011398,0.607054058,243,10,13
21700,0.001669231,120983965.751177,0.607654273,243,10,13
21720,0.001670769,121102865.996928,0.608251462,243,10,13
21740,0.001672308,121221000.705154,0.608844805,243,10,13
21760,0.001673846,121338226.581633,0.609433584,243,10,13
21780,0.001675385,121454423.829928,0.610017197,243,10,13
21800,0.001676923,121569499.148715,0.610595174,243,10,13
21820,0.001678462,121683387.887735,0.611167192,243,10,13
21840,0.001680000,121796055.306858,0.611733075,243,10,13
21860,0.001681538,121907496.919182,0.612292802,243,10,13
21880,0.001683077,122020916.450846,0.612862463,242,11,13
21900,0.001684615,122784357.372092,0.616696923,242,11,13
21920,0.001686154,124060699.977908,0.623107484,242,11,13
21940,0.001687692,125320922.011394,0.629437077,242,11,13
21960,0.001689231,126346193.604121,0.634586608,242,11,13
21980,0.001690769,127083238.679897,0.638288492,242,11,13
22000,0.001692308,127562939.817216,0.640697839,242,11,13
22020,0.001693846,127848909.053819,0.642134149,242,11,13
22040,0.001695385,128007576.855337,0.642931074,242,11,13
22060,0.001696923,128093704.675087,0.643363660,242,11,13
22080,0.001698462,128146028.780230,0.643626463,242,11,13
22100,0.001700000,128188603.914848,0.643840301,242,11,13
22120,0.001701538,128234505.590383,0.644070847,242,11,13
22140,0.001703077,128289751.633059,0.644348326,242,11,13
22160,0.001704615,128356383.909624,0.644682993,242,11,13
22180,0.001706154,128434437.958433,0.645075027,242,11,13
22200,0.001707692,128522976.026832,0.645519719,242,11,13
22220,0.001709231,128620523.160729,0.646009659,242,11,13
22240,0.001710769,128725227.052740,0.646535545,242,11,13
22260,0.001712308,128834959.085427,0.647086686,242,11,13
22280,0.001713846,128947458.320481,0.647651724,242,11,13
22300,0.001715385,129060531.467546,0.648219646,242,11,13
22320,0.001716923,129172272.748551,0.648780878,242,11,13
22340,0.001718462,129281253.830588,0.649328246,242,11,13
22360,0.001720000,129386643.867481,0.649857578,242,11,13
22380,0.001721538,129488240.473318,0.650367858,242,11,13
22400,0.001723077,129586414.160505,0.650860945,242,11,13
22420,0.001724615,129681985.336275,0.651340961,242,11,13
22440,0.001726154,129776061.933294,0.651813470,242,11,13
22460,0.001727692,129869867.360907,0.652284618,242,11,13
22480,0.001729231,129964584.420907,0.652760344,242,11,13
22500,0.001730769,130061233.400765,0.653245773,242,11,13
22520,0.001732308,130160593.903438,0.653744821,242,11,13
22540,0.001733846,130263171.800384,0.654260029,242,11,13
22560,0.001735385,130369206.124111,0.654792597,242,11,13
22580,0.001736923,130478706.315087,0.655342573,242,11,13
22600,0.001738462,130591508.108775,0.655909132,242,11,13
22620,0.001740000,130707336.266309,0.656490890,242,11,13
22640,0.001741538,130825863.882121,0.657086207,242,11,13
22660,0.001743077,130946760.604266,0.657693423,242,11,13
22680,0.001744615,131069725.224437,0.658311026,242,11,13
22700,0.001746154,131194501.229530,0.658937726,242,11,13
22720,0.001747692,131320876.644780,0.659572459,242,11,13
22740,0.001749231,131448671.559321,0.660214322,242,11,13
22760,0.001750769,131577717.956738,0.660862471,242,11,13
22780,0.001752308,131707836.860790,0.661516006,242,11,13
22800,0.001753846,131838817.440387,0.662173870,242,11,13
22820,0.001755385,131970401.772711,0.662834765,242,11,13
22840,0.001756923,132102277.655962,0.663497125,242,11,13
22860,0.001758462,132234080.425774,0.664159118,242,11,13
22880,0.001760000,132365403.367110,0.664818701,242,11,13
22900,0.001761538,132495815.194592,0.665473708,242,11,13
22920,0.001763077,132624882.301677,0.666121960,242,11,13
22940,0.001764615,132752193.101339,0.666761392,242,11,13
22960,0.001766154,132877381.781305,0.667390165,242,11,13
22980,0.001767692,133000149.120559,0.668006776,242,11,13
23000,0.001769231,133120278.569240,0.668610138,242,11,13
23020,0.001770769,133237646.478352,0.669199631,242,11,13
23040,0.001772308,133352226.079357,0.669775118,242,11,13
23060,0.001773846,133464085.466008,0.670336944,242,11,13
23080,0.001775385,133573380.358145,0.670885888,242,11,13
23100,0.001776923,133680342.790904,0.671423118,242,11,13
23120,0.001778462,133785267.057445,0.671950111,242,11,13
23140,0.001780000,133888494.252804,0.672468580,242,11,13
23160,0.001781538,133990396.644836,0.672980395,242,11,13
23180,0.001783077,134091362.877651,0.673487508,242,11,13
23200,0.001784615,134191784.733597,0.673991887,242,11,13
23220,0.001786154,134292045.885474,0.674495459,242,11,13
23240,0.001787692,134392512.794982,0.675000064,242,11,13
23260,0.001789231,134493527.684905,0.675507422,242,11,13
23280,0.001790769,134595403.344380,0.676019103,242,11,13
23300,0.001792308,134698419.428195,0.676536511,242,11,13
23320,0.001793846,134802819.876530,0.677060873,242,11,13
23340,0.001795385,134908811.103279,0.677593225,242,11,13
23360,0.001796923,135016560.664218,0.678134408,242,11,13
23380,0.001798462,135126196.204487,0.678685064,242,11,13
23400,0.001800000,135237804.583883,0.679245628,242,11,13
23420,0.001801538,135351431.172206,0.679816329,242,11,13
23440,0.001803077,135467079.386620,0.680397184,242,11,13
23460,0.001804615,135584710.599473,0.680987999,242,11,13
23480,0.001806154,135704244.576457,0.681588371,242,11,13
23500,0.001807692,135825560.608970,0.682197693,242,11,13
23520,0.001809231,135948499.485018,0.682815166,242,11,13
23540,0.001810769,136072866.404159,0.683439811,242,11,13
23560,0.001812308,136198434.888512,0.684070492,242,11,13
23580,0.001813846,136324951.680810,0.684705935,242,11,13
23600,0.001815385,136452142.557543,0.685344764,242,11,13
23620,0.001816923,136579718.925572,0.685985530,242,11,13
23640,0.001818462,136707385.018745,0.686626745,242,11,13
23660,0.001820000,136834845.470498,0.687266929,242,11,13
23680,0.001821538,136961813.010284,0.687904636,242,11,13
23700,0.001823077,137088016.019007,0.688538503,242,11,13
23720,0.001824615,137213205.678928,0.689167281,242,11,13
23740,0.001826154,137337162.467317,0.689789867,242,11,13
23760,0.001827692,137459701.769669,0.690405333,242,11,13
23780,0.001829231,137580678.423586,0.691012950,242,11,13
23800,0.001830769,137699990.047411,0.691612205,242,11,13
23820,0.001832308,137817579.056736,0.692202808,242,11,13
23840,0.001833846,137933433.322465,0.692784698,242,11,13
23860,0.001835385,138047585.475023,0.693358039,242,11,13
23880,0.001836923,138160110.909051,0.693923209,242,11,13
23900,0.001838462,138271124.587432,0.694480786,242,11,13
23920,0.001840000,138380776.783172,0.695031526,242,11,13
23940,0.001841538,138489247.929782,0.695576333,242,11,13
23960,0.001843077,138596742.774930,0.696116237,242,11,13
23980,0.001844615,138703484.047971,0.696652356,242,11,13
24000,0.001846154,138809705.858611,0.697185866,242,11,13
24020,0.001847692,138915647.042471,0.697717966,242,11,13
24040,0.001849231,139021544.659595,0.698249848,242,11,13
24060,0.001850769,139127627.835535,0.698782661,242,11,13
24080,0.001852308,139234112.112032,0.699317489,242,11,13
24100,0.001853846,139341194.447496,0.699855321,242,11,13
24120,0.001855385,139449048.977285,0.700397032,242,11,13
24140,0.001856923,139557823.612095,0.700943363,242,11,13
24160,0.001858462,139667637.520840,0.701494915,242,11,13
24180,0.001860000,139778579.513453,0.702052132,242,11,13
24200,0.001861538,139890707.310241,0.702615305,242,11,13
24220,0.001863077,140004047.658814,0.703184569,242,11,13
24240,0.001864615,140118597.237415,0.703759906,242,11,13
24260,0.001866154,140234324.266167,0.704341157,242,11,13
24280,0.001867692,140351170.733516,0.704928030,242,11,13
24300,0.001869231,140469055.136772,0.705520116,242,11,13
24320,0.001870769,140587875.630167,0.706116904,242,11,13
24340,0.001872308,140707513.472666,0.706717797,242,11,13
24360,0.001873846,140827836.669622,0.707322133,242,11,13
24380,0.001875385,140948703.707300,0.707929200,242,11,13
24400,0.001876923,141069967.285906,0.708538259,242,11,13
24420,0.001878462,141191477.965623,0.709148558,242,11,13
24440,0.001880000,141313087.649093,0.709759355,242,11,13
24460,0.001881538,141434652.834730,0.710369929,242,11,13
24480,0.001883077,141556037.585569,0.710979596,242,11,13
24500,0.001884615,141677116.168295,0.711587726,242,11,13
24520,0.001886154,141797775.328169,0.712193749,242,11,13
24540,0.001887692,141917916.174468,0.712797168,242,11,13
24560,0.001889231,142037455.660953,0.713397567,242,11,13
24580,0.001890769,142156327.653759,0.713994614,242,11,13
24600,0.001892308,142274406.451225,0.714587677,241,12,13
24620,0.001893846,142385800.827698,0.715147166,241,12,13
24640,0.001895385,142472392.979671,0.715582084,241,12,13
24660,0.001896923,142530050.909600,0.715871677,241,12,13
24680,0.001898462,142572825.095743,0.716086515,241,12,13
24700,0.001900000,142617466.332530,0.716310730,241,12,13
24720,0.001901538,142674821.358698,0.716598801,241,12,13
24740,0.001903077,142749401.328473,0.716973387,241,12,13
24760,0.001904615,142841856.502592,0.717437752,241,12,13
24780,0.001906154,142951150.154542,0.717986691,241,12,13
24800,0.001907692,143075609.815437,0.718611802,241,12,13
24820,0.001909231,143213150.836802,0.719302616,241,12,13
24840,0.001910769,143361179.697669,0.720046106,241,12,13
24860,0.001912308,143516526.616465,0.720826352,241,12,13
24880,0.001913846,143675544.831449,0.721625037,241,12,13
24900,0.001915385,143834367.842981,0.722422742,241,12,13
24920,0.001916923,143989250.794852,0.723200657,241,12,13
24940,0.001918462,144136913.862342,0.723942310,241,12,13
24960,0.001920000,144274825.334182,0.724634984,241,12,13
24980,0.001921538,144401389.438008,0.725270665,241,12,13
25000,0.001923077,144516027.956850,0.725846449,241,12,13
25020,0.001924615,144619161.524475,0.726364448,241,12,13
25040,0.001926154,144712106.345169,0.726831272,241,12,13
25060,0.001927692,144796906.696949,0.727257191,241,12,13
25080,0.001929231,144876124.843325,0.727655072,241,12,13
25100,0.001930769,144952609.342060,0.728039223,241,12,13
25120,0.001932308,145029261.065127,0.728424214,241,12,13
25140,0.001933846,145108813.945593,0.728823777,241,12,13
25160,0.001935385,145193644.688072,0.729249848,241,12,13
25180,0.001936923,145285622.473146,0.729711816,241,12,13
25200,0.001938462,145386006.122883,0.730216003,241,12,13
25220,0.001940000,145495392.409990,0.730765406,241,12,13
25240,0.001941538,145613715.394370,0.731359696,241,12,13
25260,0.001943077,145740293.101437,0.731995445,241,12,13
25280,0.001944615,145873914.760917,0.732666573,241,12,13
25300,0.001946154,146012959.414005,0.733364939,241,12,13
25320,0.001947692,146155535.114657,0.734081040,241,12,13
25340,0.001949231,146299627.270330,0.734804758,241,12,13
25360,0.001950769,146443244.880473,0.735526092,241,12,13
25380,0.001952308,146584554.456028,0.736235834,241,12,13
25400,0.001953846,146721993.103064,0.736926133,240,13,13
25420,0.001955385,146854320.536024,0.737590761,240,13,13
25440,0.001956923,146979338.355056,0.738218676,240,13,13
25460,0.001958462,147091854.260892,0.738783798,240,13,13
25480,0.001960000,147188629.264609,0.739269861,240,13,13
25500,0.001961538,147273963.464835,0.739698460,240,13,13
25520,0.001963077,147358758.031761,0.740124350,240,13,13
25540,0.001964615,147455701.699971,0.740611259,240,13,13
25560,0.001966154,147574769.988591,0.741209292,240,13,13
25580,0.001967692,147720936.402670,0.741943427,240,13,13
25600,0.001969231,147894129.043944,0.742813305,240,13,13
25620,0.001970769,148090625.212049,0.743800227,240,13,13
25640,0.001972308,148304928.094328,0.744876585,240,13,13
25660,0.001973846,148531384.503445,0.746013985,240,13,13
25680,0.001975385,148613188.884931,0.746424856,239,14,13
25700,0.001976923,148219091.145494,0.744445460,239,14,13
25720,0.001978462,147688761.800114,0.741781827,239,14,13
25740,0.001980000,147375183.885114,0.740206850,239,14,13
25760,0.001981538,147422774.490663,0.740445879,239,14,13
25780,0.001983077,147812113.625244,0.742401374,239,14,13
25800,0.001984615,148435110.616214,0.745530440,239,14,13
25820,0.001986154,149157107.854278,0.749156745,239,14,13
25840,0.001987692,149857368.277642,0.752673874,239,14,13
25860,0.001989231,150449876.342633,0.755649806,238,15,13
25880,0.001990769,150853081.644493,0.757674945,238,15,13
25900,0.001992308,150967646.403892,0.758250359,238,15,13
25920,0.001993846,150852710.210169,0.757673080,238,15,13
25940,0.001995385,150620121.044693,0.756504877,238,15,13
25960,0.001996923,150359258.527101,0.755194669,238,15,13
25980,0.001998462,150119512.066700,0.753990518,238,15,13
26000,0.002000000,149917151.840620,0.752974143,238,15,13
26020,0.002001538,149749771.910152,0.752133460,238,15,13
26040,0.002003077,149609428.452992,0.751428571,238,15,13
26060,0.002004615,149490818.331825,0.750832839,238,15,13
26080,0.002006154,149394206.241235,0.750347595,238,15,13
26100,0.002007692,149324551.884779,0.749997749,238,15,13
26120,0.002009231,149288788.783285,0.749818125,238,15,13
26140,0.002010769,149292922.512022,0.749838888,238,15,13
26160,0.002012308,149339979.738653,0.750075237,238,15,13
26180,0.002013846,149429177.836413,0.750523244,238,15,13
26200,0.002015385,149556190.139120,0.751161176,238,15,13
26220,0.002016923,149714120.184117,0.751954396,238,15,13
26240,0.002018462,149894745.469658,0.752861605,238,15,13
26260,0.002020000,150089677.066094,0.753840668,238,15,13
26280,0.002021538,150291227.271780,0.754852975,238,15,13
26300,0.002023077,150492920.812040,0.755866001,238,15,13
26320,0.002024615,150689689.289096,0.756854291,238,15,13
26340,0.002026154,150877842.158403,0.757799308,238,15,13
26360,0.002027692,151054916.747740,0.758688683,238,15,13
26380,0.002029231,151219490.038826,0.759515269,238,15,13
26400,0.002030769,151371002.799487,0.760276257,238,15,13
26420,0.002032308,151509615.448691,0.760972453,238,15,13
26440,0.002033846,151636092.568418,0.761607697,238,15,13
26460,0.002035385,151751701.776819,0.762188356,238,15,13
26480,0.002036923,151858111.415186,0.762722810,238,15,13
26500,0.002038462,151957276.797696,0.763220878,238,15,13
26520,0.002040000,152051312.799708,0.763693183,238,15,13
26540,0.002041538,152142358.134482,0.764150468,238,15,13
26560,0.002043077,152232441.779011,0.764602922,238,15,13
26580,0.002044615,152323363.874862,0.765059588,238,15,13
26600,0.002046154,152416602.261234,0.765527887,238,15,13
26620,0.002047692,152513252.423516,0.766013322,238,15,13
26640,0.002049231,152614004.142802,0.766519358,238,15,13
26660,0.002050769,152719153.542584,0.767047481,238,15,13
26680,0.002052308,152828645.349943,0.767597415,238,15,13
26700,0.002053846,152942137.510565,0.768167441,238,15,13
26720,0.002055385,153059078.998357,0.768754792,238,15,13
26740,0.002056923,153178791.666458,0.769356061,238,15,13
26760,0.002058462,153300548.049598,0.769967594,238,15,13
26780,0.002060000,153423638.805854,0.770585830,238,15,13
26800,0.002061538,153547425.623549,0.771207562,238,15,13
26820,0.002063077,153671377.592583,0.771830124,238,15,13
26840,0.002064615,153795090.995216,0.772451487,238,15,13
26860,0.002066154,153918294.041937,0.773070286,238,15,13
26880,0.002067692,154040839.174633,0.773685782,238,15,13
26900,0.002069231,154162686.171674,0.774297771,238,15,13
26920,0.002070769,154283879.459764,0.774906476,238,15,13
26940,0.002072308,154404522.847071,0.775512420,238,15,13
26960,0.002073846,154524754.440552,0.776116296,238,15,13
26980,0.002075385,154644723.900927,0.776718854,238,15,13
27000,0.002076923,154764573.515458,0.777320811,238,15,13
27020,0.002078462,154884423.909685,0.777922772,238,15,13
27040,0.002080000,155004364.631220,0.778525186,238,15,13
27060,0.002081538,155124449.359731,0.779128324,238,15,13
27080,0.002083077,155244695.143614,0.779732271,238,15,13
27100,0.002084615,155365084.838519,0.780336940,238,15,13
27120,0.002086154,155485571.816708,0.780942099,238,15,13
27140,0.002087692,155606086.011375,0.781547393,238,15,13
27160,0.002089231,155726540.436985,0.782152388,238,15,13
27180,0.002090769,155846837.461747,0.782756592,238,15,13
27200,0.002092308,155966874.281758,0.783359489,238,15,13
27220,0.002093846,156086547.236647,0.783960559,238,15,13
27240,0.002095385,156205754.798768,0.784559291,238,15,13
27260,0.002096923,156324399.245624,0.785155195,238,15,13
27280,0.002098462,156442387.179163,0.785747801,238,15,13
27300,0.002100000,156559629.175091,0.786336661,238,15,13
27320,0.002101538,156676038.925983,0.786921341,238,15,13
27340,0.002103077,156791532.280700,0.787501418,238,15,13
27360,0.002104615,156906026.578341,0.788076477,238,15,13
27380,0.002106154,157019440.631689,0.788646111,238,15,13
27400,0.002107692,157131695.637116,0.789209923,238,15,13
27420,0.002109231,157242717.183085,0.789767540,238,15,13
27440,0.002110769,157352438.408139,0.790318626,238,15,13
27460,0.002112308,157460804.229896,0.790862904,238,15,13
27480,0.002113846,157567776.443185,0.791400183,238,15,13
27500,0.002115385,157673339.375446,0.791930384,238,15,13
27520,0.002116923,157777505.702442,0.792453570,238,15,13
27540,0.002118462,157880321.972702,0.792969975,238,15,13
27560,0.002120000,157981873.370552,0.793480027,238,15,13
27580,0.002121538,158082287.265846,0.793984366,238,15,13
27600,0.002123077,158181735.152684,0.794483853,238,15,13
27620,0.002124615,158280432.665664,0.794979571,238,15,13
27640,0.002126154,158378637.472676,0.795472815,238,15,13
27660,0.002127692,158476644.971085,0.795965068,238,15,13
27680,0.002129231,158574781.849116,0.796457970,238,15,13
27700,0.002130769,158673397.706809,0.796953278,238,15,13
27720,0.002132308,158772855.052098,0.797452813,238,15,13
27740,0.002133846,158873518.088727,0.797958403,238,15,13
27760,0.002135385,158975740.788828,0.798471827,238,15,13
27780,0.002136923,159079854.788101,0.798994750,238,15,13
27800,0.002138462,159186157.655409,0.799528667,238,15,13
27820,0.002140000,159294902.069531,0.800074847,238,15,13
27840,0.002141538,159406286.388559,0.800634286,238,15,13
27860,0.002143077,159520447.024025,0.801207670,238,15,13
27880,0.002144615,159637452.938421,0.801795344,238,15,13
27900,0.002146154,159757302.478984,0.802397300,238,15,13
27920,0.002147692,159879922.646783,0.803013173,238,15,13
27940,0.002149231,160005170.788196,0.803642244,238,15,13
27960,0.002150769,160132838.588115,0.804283469,238,15,13
27980,0.002152308,160262658.150695,0.804935501,238,15,13
28000,0.002153846,160394309.873178,0.805596735,238,15,13
28020,0.002155385,160527431.759783,0.806265353,238,15,13
28040,0.002156923,160661629.782364,0.806939376,238,15,13
28060,0.002158462,160796488.876755,0.807616720,238,15,13
28080,0.002160000,160931584.164936,0.808295249,238,15,13
28100,0.002161538,161066492.013629,0.808972838,238,15,13
28120,0.002163077,161200800.574578,0.809647416,238,15,13
28140,0.002164615,161334119.500064,0.810317024,238,15,13
28160,0.002166154,161466088.582863,0.810979852,238,15,13
28180,0.002167692,161596385.131318,0.811634280,238,15,13
28200,0.002169231,161724729.953119,0.812278905,238,15,13
28220,0.002170769,161850891.882045,0.812912566,238,15,13
28240,0.002172308,154354078.414890,0.775259058,237,16,12
28260,0.002173846,153559251.742738,0.771266960,237,16,12
28280,0.002175385,152856443.697332,0.767737035,237,16,12
28300,0.002176923,152687536.648028,0.766888682,237,16,12
28320,0.002178462,152932307.835424,0.768118070,237,16,12
28340,0.002180000,153396706.923199,0.770450562,237,16,12
28360,0.002181538,153926154.728290,0.773109768,237,16,12
28380,0.002183077,154422187.864529,0.775601144,237,16,12
28400,0.002184615,154833112.151291,0.777665053,237,16,12
28420,0.002186154,155140118.314593,0.779207023,237,16,12
28440,0.002187692,155345406.301445,0.780238103,237,16,12
28460,0.002189231,155463601.719427,0.780831751,237,16,12
28480,0.002190769,155515894.448665,0.781094397,237,16,12
28500,0.002192308,155525956.391043,0.781144934,237,16,12
28520,0.002193846,155516934.078493,0.781099619,237,16,12
28540,0.002195385,155509179.660824,0.781060671,237,16,12
28560,0.002196923,155518648.747052,0.781108231,237,16,12
28580,0.002198462,155555998.038528,0.781295821,237,16,12
28600,0.002200000,155626395.879611,0.781649402,237,16,12
28620,0.002201538,155729979.754493,0.782169662,237,16,12
28640,0.002203077,155862812.393800,0.782836828,237,16,12
28660,0.002204615,156018135.758195,0.783616955,237,16,12
28680,0.002206154,156187710.903158,0.784468664,237,16,12
28700,0.002207692,156363057.377579,0.785349359,237,16,12
28720,0.002209231,156536456.203617,0.786220272,237,16,12
28740,0.002210769,156701641.388653,0.787049932,237,16,12
28760,0.002212308,156854163.799851,0.787815991,237,16,12
28780,0.002213846,156991459.158305,0.788505571,237,16,12
28800,0.002215385,157112684.079472,0.789114435,237,16,12
28820,0.002216923,157218399.457284,0.789645402,237,16,12
28840,0.002218462,157310180.890616,0.790106383,237,16,12
28860,0.002220000,157390224.936352,0.790508413,237,16,12
28880,0.002221538,157461002.161528,0.790863898,237,16,12
28900,0.002223077,157524987.584103,0.791185272,237,16,12
28920,0.002224615,157584479.743442,0.791484077,237,16,12
28940,0.002226154,157641503.863183,0.791770487,237,16,12
28960,0.002227692,157697783.726417,0.792053158,237,16,12
28980,0.002229231,157754761.268953,0.792339333,237,16,12
29000,0.002230769,157813641.964410,0.792635068,237,16,12
29020,0.002232308,157875446.733348,0.792945488,237,16,12
29040,0.002233846,157941056.023569,0.793275018,237,16,12
29060,0.002235385,158011237.559239,0.793627512,237,16,12
29080,0.002236923,158086654.927100,0.794006303,237,16,12
29100,0.002238462,158167858.853197,0.794414158,237,16,12
29120,0.002240000,158255266.268300,0.794853171,237,16,12
29140,0.002241538,158349133.929820,0.795324630,237,16,12
29160,0.002243077,158449533.585622,0.795828898,237,16,12
29180,0.002244615,158556334.728579,0.796365318,237,16,12
29200,0.002246154,158669199.283673,0.796932191,237,16,12
29220,0.002247692,158787590.488061,0.797526823,237,16,12
29240,0.002249231,158910796.124075,0.798145636,237,16,12
29260,0.002250769,159037964.418826,0.798784352,237,16,12
29280,0.002252308,159168149.516506,0.799438220,237,16,12
29300,0.002253846,159300362.548647,0.800102273,237,16,12
29320,0.002255385,159433623.986061,0.800771592,237,16,12
29340,0.002256923,159567013.102694,0.801441552,237,16,12
29360,0.002258462,159699710.923462,0.802108041,237,16,12
29380,0.002260000,159831033.854102,0.802767624,237,16,12
29400,0.002261538,159960456.179562,0.803417660,237,16,12
29420,0.002263077,160087620.659103,0.804056357,237,16,12
29440,0.002264615,160212337.441469,0.804682760,237,16,12
29460,0.002266154,160334572.396055,0.805296697,237,16,12
29480,0.002267692,160454426.652347,0.805898677,237,16,12
29500,0.002269231,160572109.623747,0.806489752,237,16,12
29520,0.002270769,160687908.053408,0.807071361,237,16,12
29540,0.002272308,160802153.663518,0.807645172,237,16,12
29560,0.002273846,160915191.835214,0.808212917,237,16,12
29580,0.002275385,161027353.428367,0.808776260,237,16,12
29600,0.002276923,161138931.407162,0.809336672,237,16,12
29620,0.002278462,161250163.416549,0.809895346,237,16,12
29640,0.002280000,161361220.900185,0.810453144,237,16,12
29660,0.002281538,161472204.808781,0.811010572,237,16,12
29680,0.002283077,161583147.457111,0.811567792,237,16,12
29700,0.002284615,161694019.679831,0.812124659,237,16,12
29720,0.002286154,161804742.134090,0.812680774,237,16,12
29740,0.002287692,161915199.412526,0.813235557,237,16,12
29760,0.002289231,162025255.565809,0.813788325,237,16,12
29780,0.002290769,162134769.682490,0.814338371,237,16,12
29800,0.002292308,162243610.319670,0.814885034,237,16,12
29820,0.002293846,162351667.799885,0.815427764,237,16,12
29840,0.002295385,162458895.719908,0.815966327,236,17,12
29860,0.002296923,162563564.938681,0.816492039,236,17,12
29880,0.002298462,162627296.880817,0.816812139,236,17,12
29900,0.002300000,162585366.991475,0.816601542,236,17,12
29920,0.002301538,162426420.560657,0.815803217,236,17,12
29940,0.002303077,162202511.250683,0.814678610,236,17,12
29960,0.002304615,161992887.560195,0.813625754,236,17,12
29980,0.002306154,161867449.625077,0.812995729,236,17,12
30000,0.002307692,161866603.275298,0.812991478,236,17,12
30020,0.002309231,161997473.578610,0.813648787,236,17,12
30040,0.002310769,162240577.797724,0.814869803,236,17,12
30060,0.002312308,162560720.856598,0.816477754,236,17,12
30080,0.002313846,162917670.500166,0.818270570,236,17,12
30100,0.002315385,163274285.756820,0.820061706,236,17,12
30120,0.002316923,163601425.467039,0.821704799,236,17,12
30140,0.002318462,163879961.444354,0.823103774,236,17,12
30160,0.002320000,164100657.807677,0.824212244,236,17,12
30180,0.002321538,164262741.211134,0.825026325,236,17,12
30200,0.002323077,164371853.676471,0.825574353,235,18,12
30220,0.002324615,164437839.657678,0.825905774,235,18,12
30240,0.002326154,164471726.852393,0.826075976,235,18,12
30260,0.002327692,164481841.050529,0.826126776,235,18,12
30280,0.002329231,164473463.282240,0.826084698,235,18,12
30300,0.002330769,164451760.865132,0.825975695,235,18,12
30320,0.002332308,164424752.439812,0.825840042,235,18,12
30340,0.002333846,164403793.784743,0.825734775,235,18,12
30360,0.002335385,164401468.840383,0.825723098,235,18,12
30380,0.002336923,164428489.832174,0.825858814,235,18,12
30400,0.002338462,164491265.557108,0.826174111,235,18,12
30420,0.002340000,164590956.169182,0.826674818,235,18,12
30440,0.002341538,164723963.873158,0.827342862,235,18,12
30460,0.002343077,164883318.601300,0.828143238,235,18,12
30480,0.002344615,165060329.643644,0.829032294,235,18,12
30500,0.002346154,165246036.804992,0.829965027,235,18,12
30520,0.002347692,165432236.726066,0.830900235,235,18,12
30540,0.002349231,165612064.396747,0.831803437,235,18,12
30560,0.002350769,165780227.611989,0.832648054,235,18,12
30580,0.002352308,165933025.694875,0.833415498,235,18,12
30600,0.002353846,166068261.930824,0.834094736,235,18,12
30620,0.002355385,166185115.180516,0.834681643,235,18,12
30640,0.002356923,166283995.222885,0.835178278,235,18,12
30660,0.002358462,166366381.138705,0.835592070,235,18,12
30680,0.002360000,166434634.137154,0.835934878,235,18,12
30700,0.002361538,166491780.665479,0.836221902,235,18,12
30720,0.002363077,166541271.318325,0.836470474,235,18,12
30740,0.002364615,166586729.956281,0.836698794,235,18,12
30760,0.002366154,166631712.124676,0.836924722,235,18,12
30780,0.002367692,166679491.552664,0.837164699,235,18,12
30800,0.002369231,166732889.289772,0.837432894,235,18,12
30820,0.002370769,166794153.805471,0.837740602,235,18,12
30840,0.002372308,166864893.992673,0.838095902,235,18,12
30860,0.002373846,166946061.771958,0.838503575,235,18,12
30880,0.002375385,167037977.475550,0.838965231,235,18,12
30900,0.002376923,167140389.382911,0.839479605,235,18,12
30920,0.002378462,167252558.310792,0.840042985,235,18,12
30940,0.002380000,167373358.533814,0.840649716,235,18,12
30960,0.002381538,167501387.097779,0.841292753,235,18,12
30980,0.002383077,167635074.501042,0.841964211,235,18,12
31000,0.002384615,167772790.641534,0.842655905,235,18,12
31020,0.002386154,167912940.848419,0.843359823,235,18,12
31040,0.002387692,168054047.792604,0.844068547,235,18,12
31060,0.002389231,168194816.148447,0.844775571,235,18,12
31080,0.002390769,168334178.073735,0.845475530,235,18,12
31100,0.002392308,168471318.853185,0.846164334,235,18,12
31120,0.002393846,168605683.332835,0.846839193,235,18,12
31140,0.002395385,168736964.961186,0.847498568,235,18,12
31160,0.002396923,168865080.244972,0.848142040,235,18,12
31180,0.002398462,168990132.145100,0.848770126,235,18,12
31200,0.002400000,169112366.331543,0.849384060,235,18,12
31220,0.002401538,169232124.276441,0.849985556,235,18,12
31240,0.002403077,169349796.917256,0.850576579,235,18,12
31260,0.002404615,169465782.119436,0.851159127,235,18,12
31280,0.002406154,169580448.483642,0.851735050,235,18,12
31300,0.002407692,169694107.253017,0.852305913,235,18,12
31320,0.002409231,169806993.259129,0.852872894,235,18,12
31340,0.002410769,169919255.068608,0.853436741,235,18,12
31360,0.002412308,170030953.809455,0.853997759,235,18,12
31380,0.002413846,170142069.603653,0.854555849,235,18,12
31400,0.002415385,170252514.134504,0.855110568,235,18,12
31420,0.002416923,170362147.636436,0.855661214,235,18,12
31440,0.002418462,170470798.508426,0.856206924,235,18,12
31460,0.002420000,170578283.802036,0.856746780,235,18,12
31480,0.002421538,170684428.998392,0.857279905,235,18,12
31500,0.002423077,170789085.737755,0.857805554,235,18,12
31520,0.002424615,170892146.472622,0.858323187,235,18,12
31540,0.002426154,170993555.349825,0.858832523,235,18,12
31560,0.002427692,171093314.964923,0.859333576,235,18,12
31580,0.002429231,171191488.949134,0.859826665,235,18,12
31600,0.002430769,171288200.627187,0.860312409,235,18,12
31620,0.002432308,171383628.210681,0.860791704,235,18,12
31640,0.002433846,171477997.158336,0.861265681,235,18,12
31660,0.002435385,171571570.437008,0.861735663,235,18,12
31680,0.002436923,171664637.460230,0.862203101,235,18,12
31700,0.002438462,171757502.465730,0.862669525,235,18,12
31720,0.002440000,171850473.032290,0.863136479,235,18,12
31740,0.002441538,171943849.336171,0.863605471,235,18,12
31760,0.002443077,172037914.623877,0.864077924,235,18,12
31780,0.002444615,172132927.238663,0.864555134,235,18,12
31800,0.002446154,172229114.398762,0.865038244,235,18,12
31820,0.002447692,172326667.792157,0.865528216,235,18,12
31840,0.002449231,172425740.936050,0.866025821,235,18,12
31860,0.002450769,172526448.154396,0.866531633,235,18,12
31880,0.002452308,172628864.956902,0.867046032,235,18,12
31900,0.002453846,172733029.560353,0.867569209,235,18,12
31920,0.002455385,172838945.275071,0.868101182,235,18,12
31940,0.002456923,172946583.485370,0.868641806,235,18,12
31960,0.002458462,173055886.976821,0.869190793,235,18,12
31980,0.002460000,173166773.401776,0.869747732,235,18,12
32000,0.002461538,173279138.720817,0.870312098,235,18,12
32020,0.002463077,173392860.508303,0.870883277,235,18,12
32040,0.002464615,173507801.058392,0.871460578,235,18,12
32060,0.002466154,173623810.270664,0.872043246,235,18,12
32080,0.002467692,173740728.329061,0.872630479,235,18,12
32100,0.002469231,173858388.211748,0.873221438,235,18,12
32120,0.002470769,173976618.082563,0.873815259,235,18,12
32140,0.002472308,174119261.460730,0.874531700,234,19,12
32160,0.002473846,174390777.116954,0.875895415,234,19,12
32180,0.002475385,174635014.353145,0.877122121,234,19,12
32200,0.002476923,174706571.623337,0.877481525,234,19,12
32220,0.002478462,174594445.426807,0.876918360,234,19,12
32240,0.002480000,174360725.957523,0.875744480,234,19,12
32260,0.002481538,174082686.015762,0.874347996,234,19,12
32280,0.002483077,173823080.281697,0.873044100,234,19,12
32300,0.002484615,173621139.275949,0.872029831,234,19,12
32320,0.002486154,173494753.043866,0.871395043,234,19,12
32340,0.002487692,173446962.713659,0.871155011,234,19,12
32360,0.002489231,173472580.613105,0.871283680,234,19,12
32380,0.002490769,173562965.392583,0.871737646,234,19,12
32400,0.002492308,173708561.471054,0.872468917,234,19,12
32420,0.002493846,173899721.246467,0.873429037,234,19,12
32440,0.002495385,174126639.538001,0.874568757,234,19,12
32460,0.002496923,174379126.903865,0.875836901,234,19,12
32480,0.002498462,174646648.810910,0.877180557,234,19,12
32500,0.002500000,174918740.885162,0.878547167,234,19,12
32520,0.002501538,175185684.398961,0.879887918,234,19,12
32540,0.002503077,175439226.145304,0.881161357,234,19,12
32560,0.002504615,175673136.250372,0.882336194,234,19,12
32580,0.002506154,175883473.921427,0.883392636,234,19,12
32600,0.002507692,176068528.947316,0.884322094,234,19,12
32620,0.002509231,176228490.936652,0.885125520,234,19,12
32640,0.002510769,176364949.783121,0.885810898,234,19,12
32660,0.002512308,176480345.687982,0.886390486,234,19,12
32680,0.002513846,176577471.799990,0.886878311,234,19,12
32700,0.002515385,176659098.904454,0.887288292,234,19,12
32720,0.002516923,176727751.963251,0.887633109,234,19,12
32740,0.002518462,176785632.617354,0.887923820,234,19,12
32760,0.002520000,176834656.156197,0.888170046,234,19,12
32780,0.002521538,176876558.215282,0.888380503,234,19,12
32800,0.002523077,176913024.784234,0.888563660,234,19,12
32820,0.002524615,176945806.235420,0.888728309,234,19,12
32840,0.002526154,176976788.439079,0.888883920,234,19,12
32860,0.002527692,177008008.123143,0.889040724,234,19,12
32880,0.002529231,177041612.645053,0.889209506,234,19,12
32900,0.002530769,177079774.411378,0.889401177,234,19,12
32920,0.002532308,177124576.426648,0.889626200,234,19,12
32940,0.002533846,177177887.833154,0.889893962,234,19,12
32960,0.002535385,177241247.375129,0.890212192,234,19,12
32980,0.002536923,177315769.383224,0.890586486,234,19,12
33000,0.002538462,177402082.148469,0.891020001,234,19,12
33020,0.002540000,177500303.390162,0.891513327,234,19,12
33040,0.002541538,177610052.695884,0.892064554,234,19,12
33060,0.002543077,177730496.864729,0.892669497,234,19,12
33080,0.002544615,177860421.309577,0.893322056,234,19,12
33100,0.002546154,177998319.151368,0.894014662,234,19,12
33120,0.002547692,178142489.271143,0.894738771,234,19,12
33140,0.002549231,178291135.166478,0.895485360,234,19,12
33160,0.002550769,178442457.719543,0.896245393,234,19,12
33180,0.002552308,178594736.641619,0.897010229,234,19,12
33200,0.002553846,178746397.155746,0.897771960,234,19,12
33220,0.002555385,179070583.979673,0.899400221,233,20,12
33240,0.002556923,179455003.426658,0.901331007,233,20,12
33260,0.002558462,179650048.103337,0.902310638,233,20,12
33280,0.002560000,179780597.821914,0.902966338,233,20,12
33300,0.002561538,179937813.281454,0.903755968,233,20,12
33320,0.002563077,180139493.287728,0.904768927,233,20,12
33340,0.002564615,180369059.531468,0.905921946,233,20,12
33360,0.002566154,180603108.906034,0.907097483,233,20,12
33380,0.002567692,180823219.446769,0.908203011,233,20,12
33400,0.002569231,181019169.327970,0.909187189,233,20,12
33420,0.002570769,181188273.525473,0.910036532,233,20,12
33440,0.002572308,181333101.056890,0.910763943,233,20,12
33460,0.002573846,181458775.828222,0.911395157,233,20,12
33480,0.002575385,181570628.748504,0.911956950,233,20,12
33500,0.002576923,181672646.608310,0.912469345,233,20,12
33520,0.002578462,181766843.131461,0.912942457,233,20,12
33540,0.002580000,181853413.960004,0.913377268,233,20,12
33560,0.002581538,181931387.060908,0.913768895,233,20,12
33580,0.002583077,181999451.006174,0.914110753,233,20,12
33600,0.002584615,182056703.467607,0.914398310,233,20,12
33620,0.002586154,182103164.179195,0.914631663,233,20,12
33640,0.002587692,182139999.559451,0.914816673,233,20,12
33660,0.002589231,182169484.713428,0.914964765,233,20,12
33680,0.002590769,182194773.429178,0.915091780,233,20,12
33700,0.002592308,182219560.753714,0.915216277,233,20,12
33720,0.002593846,182247714.756635,0.915357683,233,20,12
33740,0.002595385,182282934.567698,0.915534578,233,20,12
33760,0.002596923,182328469.426368,0.915763282,233,20,12
33780,0.002598462,182386913.997122,0.916056826,233,20,12
33800,0.002600000,182460081.203413,0.916424315,233,20,12
33820,0.002601538,182548945.578315,0.916870646,233,20,12
33840,0.002603077,182653646.490245,0.917396517,233,20,12
33860,0.002604615,182773539.929940,0.917998694,233,20,12
33880,0.002606154,182907288.302816,0.918670459,233,20,12
33900,0.002607692,183052978.755751,0.919402204,233,20,12
33920,0.002609231,183208261.399589,0.920182127,233,20,12
33940,0.002610769,183370499.225881,0.920996983,233,20,12
33960,0.002612308,183536921.697513,0.921832856,233,20,12
33980,0.002613846,183704774.176429,0.922675912,233,20,12
34000,0.002615385,183871455.777348,0.923513088,233,20,12
34020,0.002616923,184034639.059933,0.924332692,233,20,12
34040,0.002618462,184192366.225051,0.925124893,233,20,12
34060,0.002620000,184343118.095208,0.925882060,233,20,12
34080,0.002621538,184485853.992770,0.926598965,233,20,12
34100,0.002623077,184620022.508584,0.927272840,233,20,12
34120,0.002624615,184745544.912943,0.927903289,233,20,12
34140,0.002626154,184862774.460298,0.928492087,233,20,12
34160,0.002627692,184972435.988010,0.929042873,233,20,12
34180,0.002629231,185075550.960901,0.929560778,233,20,12
34200,0.002630769,185173353.463026,0.930052001,233,20,12
34220,0.002632308,185267202.615900,0.930523368,233,20,12
34240,0.002633846,185358496.559068,0.930981901,233,20,12
34260,0.002635385,185448592.530333,0.931434418,233,20,12
34280,0.002636923,185538736.796945,0.931887176,233,20,12
34300,0.002638462,185630007.285402,0.932345592,233,20,12
34320,0.002640000,185723270.798550,0.932814017,233,20,12
34340,0.002641538,185819155.751537,0.933295609,233,20,12
34360,0.002643077,185918040.450721,0.933792267,233,20,12
34380,0.002644615,186020056.121727,0.934304652,233,20,12
34400,0.002646154,186125103.195372,0.934832261,233,20,12
34420,0.002647692,186232878.805053,0.935373575,233,20,12
34440,0.002649231,186342913.050277,0.935926233,233,20,12
34460,0.002650769,186454611.343724,0.936487249,233,20,12
34480,0.002652308,186567300.080611,0.937053240,233,20,12
34500,0.002653846,186680272.938367,0.937620658,233,20,12
34520,0.002655385,186792835.317207,0.938186014,233,20,12
34540,0.002656923,186904344.743512,0.938746081,233,20,12
34560,0.002658462,187014245.454624,0.939298069,233,20,12
34580,0.002660000,187122095.836523,0.939839758,233,20,12
34600,0.002661538,187227587.866373,0.940369603,233,20,12
34620,0.002663077,187330558.193377,0.940886781,233,20,12
34640,0.002664615,187430990.947000,0.941391215,233,20,12
34660,0.002666154,187529012.772261,0.941883540,233,20,12
34680,0.002667692,187624880.938274,0.942365047,233,20,12
34700,0.002669231,187718965.638269,0.942837597,233,20,12
34720,0.002670769,187811727.789790,0.943303505,233,20,12
34740,0.002672308,187903693.751021,0.943765413,233,20,12
34760,0.002673846,187995428.396214,0.944226160,233,20,12
34780,0.002675385,188087507.947476,0.944688639,233,20,12
34800,0.002676923,188180493.850434,0.945155670,233,20,12
34820,0.002678462,188274908.821140,0.945629879,233,20,12
34840,0.002680000,188371215.992698,0.946113591,233,20,12
34860,0.002681538,188469801.867507,0.946608749,233,20,12
34880,0.002683077,188570963.546873,0.947116844,233,20,12
34900,0.002684615,188674900.477399,0.947638877,233,20,12
34920,0.002686154,188781710.732606,0.948175343,233,20,12
34940,0.002687692,188891391.647913,0.948726226,233,20,12
34960,0.002689231,189003844.455440,0.949291032,233,20,12
34980,0.002690769,189118882.424394,0.949868822,233,20,12
35000,0.002692308,189236241.908459,0.950458272,233,20,12
35020,0.002693846,189355595.632252,0.951057738,233,20,12
35040,0.002695385,189476567.515032,0.951665332,233,20,12
35060,0.002696923,189598748.328834,0.952278997,233,20,12
35080,0.002698462,189721711.515721,0.952896592,233,20,12
35100,0.002700000,189845028.542137,0.953515965,233,20,12
35120,0.002701538,189968283.241375,0.954135024,233,20,12
35140,0.002703077,190091084.682981,0.954751807,233,20,12
35160,0.002704615,190213078.206243,0.955364531,233,20,12
35180,0.002706154,190333954.357262,0.955971644,233,20,12
35200,0.002707692,190453455.572680,0.956571851,233,20,12
35220,0.002709231,190571380.552276,0.957164141,233,20,12
35240,0.002710769,190687586.354887,0.957747797,233,20,12
35260,0.002712308,190801988.334379,0.958322392,233,20,12
35280,0.002713846,190914558.102308,0.958887786,233,20,12
35300,0.002715385,191025319.760292,0.959444097,233,20,12
35320,0.002716923,191134344.687477,0.959991686,233,20,12
35340,0.002718462,191241745.195981,0.960531116,233,20,12
35360,0.002720000,191347667.380803,0.961063121,233,20,12
35380,0.002721538,191452283.490588,0.961588566,233,20,12
35400,0.002723077,191555784.134732,0.962108409,233,20,12
35420,0.002724615,191658370.618915,0.962623660,233,20,12
35440,0.002726154,191760247.671273,0.963135347,233,20,12
35460,0.002727692,191861616.782601,0.963644484,233,20,12
35480,0.002729231,191962670.341994,0.964152036,233,20,12
35500,0.002730769,192063586.703196,0.964658899,233,20,12
35520,0.002732308,192164526.270307,0.965165878,233,20,12
35540,0.002733846,192265628.645631,0.965673675,233,20,12
35560,0.002735385,192367010.838391,0.966182877,233,20,12
35580,0.002736923,192468766.493347,0.966693955,233,20,12
35600,0.002738462,192570966.063194,0.967207263,233,20,12
35620,0.002740000,192673657.818942,0.967723043,233,20,12
35640,0.002741538,192776869.570206,0.968241434,233,20,12
35660,0.002743077,192880610.950766,0.968762486,233,20,12
35680,0.002744615,192984876.115645,0.969286168,233,20,12
35700,0.002746154,193089646.694110,0.969812389,233,20,12
35720,0.002747692,193194894.846338,0.970341009,233,20,12
35740,0.002749231,193300586.281815,0.970871855,233,20,12
35760,0.002750769,193406683.112034,0.971404737,233,20,12
35780,0.002752308,193513146.429051,0.971939460,233,20,12
35800,0.002753846,193619938.523424,0.972475834,233,20,12
35820,0.002755385,193727024.678679,0.973013685,233,20,12
35840,0.002756923,193834374.504237,0.973552860,233,20,12
35860,0.002758462,193941962.793165,0.974093234,233,20,12
35880,0.002760000,194049769.913996,0.974634706,233,20,12
35900,0.002761538,194157781.767034,0.975177206,233,20,12
35920,0.002763077,194265989.353596,0.975720690,233,20,12
35940,0.002764615,194374388.020891,0.976265133,233,20,12
35960,0.002766154,194482976.456122,0.976810530,233,20,12
35980,0.002767692,194591755.509468,0.977356884,233,20,12
36000,0.002769231,194700726.928397,0.977904204,233,20,12
36020,0.002770769,194809892.083264,0.978452497,233,20,12
36040,0.002772308,194919250.759706,0.979001762,233,20,12
36060,0.002773846,195028800.083640,0.979551984,233,20,12
36080,0.002775385,195138533.634522,0.980103132,233,20,12
36100,0.002776923,195248440.788707,0.980655152,233,20,12
36120,0.002778462,195358506.320696,0.981207967,233,20,12
36140,0.002780000,195468710.275453,0.981761478,233,20,12
36160,0.002781538,195579028.110049,0.982315561,233,20,12
36180,0.002783077,195689431.089928,0.982870071,233,20,12
36200,0.002784615,195799886.912694,0.983424846,233,20,12
36220,0.002786154,195910360.522366,0.983979711,233,20,12
36240,0.002787692,196020815.069348,0.984534481,233,20,12
36260,0.002789231,196131212.966637,0.985088965,233,20,12
36280,0.002790769,196241516.989839,0.985642978,233,20,12
36300,0.002792308,196351691.369339,0.986196340,233,20,12
36320,0.002793846,196461702.825207,0.986748884,233,20,12
36340,0.002795385,196571521.500686,0.987300460,233,20,12
36360,0.002796923,196681121.756845,0.987850938,233,20,12
36380,0.002798462,196790482.798809,0.988400215,233,20,12
36400,0.002800000,196899589.113499,0.988948213,233,20,12
36420,0.002801538,197008430.708062,0.989494881,233,20,12
36440,0.002803077,197117003.147925,0.990040197,233,20,12
36460,0.002804615,197225307.402537,0.990584166,233,20,12
36480,0.002806154,197333349.514746,0.991126818,233,20,12
36500,0.002807692,197441140.117130,0.991668208,233,20,12
36520,0.002809231,197548693.823917,0.992208407,233,20,12
36540,0.002810769,197656028.531203,0.992747506,233,20,12
36560,0.002812308,197763164.660063,0.993285609,233,20,12
36580,0.002813846,197875620.276258,0.993850428,231,22,12
36600,0.002815385,198036329.645236,0.994657607,231,22,12
36620,0.002816923,198227413.302700,0.995617345,230,23,12
36640,0.002818462,198376480.488038,0.996366050,230,23,12
36660,0.002820000,198440643.765062,0.996688316,230,23,12
36680,0.002821538,198422029.815994,0.996594826,230,23,12
36700,0.002823077,198347728.876479,0.996221642,230,23,12
36720,0.002824615,198248936.829052,0.995725449,230,23,12
36740,0.002826154,198153278.582151,0.995244995,230,23,12
36760,0.002827692,198084553.402207,0.994899816,230,23,12
36780,0.002829231,198062620.684231,0.994789657,230,23,12
36800,0.002830769,198046189.646815,0.994707130,229,24,12
36820,0.002832308,197905316.549502,0.993999581,229,24,12
36840,0.002833846,197650728.790294,0.992720888,228,25,12
36860,0.002835385,196756250.452113,0.988228280,228,25,12
36880,0.002836923,196387778.341419,0.986377591,226,27,12
36900,0.002838462,196278142.010420,0.985826931,225,28,12
36920,0.002840000,195973974.087390,0.984299217,223,30,12
36940,0.002841538,194746034.209634,0.978131764,223,30,12
36960,0.002843077,193392034.237589,0.971331161,220,33,12
36980,0.002844615,191693358.342756,0.962799389,219,34,12
37000,0.002846154,190691941.883995,0.957769673,219,34,12
37020,0.002847692,190580711.989843,0.957211009,218,35,12
37040,0.002849231,190954244.690364,0.959087115,218,35,12
37060,0.002850769,191291945.078893,0.960783250,217,36,12
37080,0.002852308,191225167.282980,0.960447852,217,36,12
37100,0.002853846,190652184.642578,0.957569988,217,36,12
37120,0.002855385,189666604.054670,0.952619809,217,36,12
37140,0.002856923,176989641.057412,0.888948473,216,37,11
37160,0.002858462,174403324.225865,0.875958434,216,37,11
37180,0.002860000,172444212.062486,0.866118594,216,37,11
37200,0.002861538,171296818.965991,0.860355695,214,39,11
37220,0.002863077,160477550.198951,0.806014818,213,40,10
37240,0.002864615,159402739.847451,0.800616473,213,40,10
37260,0.002866154,158686163.325466,0.797017395,213,40,10
37280,0.002867692,158746987.570366,0.797322891,213,40,10
37300,0.002869231,159363809.931869,0.800420944,213,40,10
37320,0.002870769,160314850.474260,0.805197642,213,40,10
37340,0.002872308,161459157.302768,0.810945039,213,40,10
37360,0.002873846,162711535.833274,0.817235238,213,40,10
37380,0.002875385,164011468.605059,0.823764282,213,40,10
37400,0.002876923,165306501.577885,0.830268717,213,40,10
37420,0.002878462,166548150.354524,0.836505024,213,40,10
37440,0.002880000,167694219.016002,0.842261271,213,40,10
37460,0.002881538,168712597.344410,0.847376180,213,40,10
37480,0.002883077,169583762.771266,0.851751696,213,40,10
37500,0.002884615,170298219.654037,0.855340129,211,42,10
37520,0.002886154,170687517.089390,0.857295415,211,42,10
37540,0.002887692,170181334.930155,0.854753063,211,42,10
37560,0.002889231,168390648.311314,0.845759158,211,42,10
37580,0.002890769,165425034.529292,0.830864061,210,43,10
37600,0.002892308,160331647.420291,0.805282006,209,44,10
37620,0.002893846,151756444.426253,0.762212177,209,44,10
37640,0.002895385,141745364.290697,0.711930509,209,44,10
37660,0.002896923,100201680.699728,0.503273133,206,47,9
37680,0.002898462,97310953.037299,0.488754159,206,47,9
37700,0.002900000,92425546.019106,0.464216705,204,49,9
37720,0.002901538,85878103.340640,0.431331508,203,50,9
37740,0.002903077,77923835.130138,0.391380387,203,50,9
37760,0.002904615,72244938.307741,0.362857551,202,51,9
37780,0.002906154,66437493.197002,0.333689067,199,54,9
37800,0.002907692,61414789.971916,0.308462029,198,55,9
37820,0.002909231,55440482.571982,0.278455462,198,55,9
37840,0.002910769,48238628.100301,0.242283416,196,57,9
37860,0.002912308,40256244.027329,0.202191080,195,58,9
37880,0.002913846,32383994.664489,0.162651907,194,59,9
37900,0.002915385,25328549.530869,0.127215216,193,60,9
37920,0.002916923,18906144.481506,0.094958034,192,61,9
37940,0.002918462,18919568.241854,0.095025456,190,63,8
37960,0.002920000,20048467.309888,0.100695466,189,64,8
37980,0.002921538,21561813.585858,0.108296402,189,64,8
38000,0.002923077,21462627.726799,0.107798231,187,66,8
38020,0.002924615,20834904.028171,0.104645425,187,66,8
38040,0.002926154,19748633.349036,0.099189520,187,66,8
38060,0.002927692,18014990.875352,0.090482124,187,66,8
38080,0.002929231,15547046.829779,0.078086624,186,67,8
38100,0.002930769,12582398.369489,0.063196376,186,67,8
38120,0.002932308,9423428.616529,0.047330129,186,67,8
38140,0.002933846,5405064.375576,0.027147486,185,68,7
38160,0.002935385,3017753.957427,0.015156976,185,68,7
38180,0.002936923,3135907.997626,0.015750417,185,68,7
38200,0.002938462,5875267.638732,0.029509129,185,68,7
38220,0.002940000,8457327.238987,0.042477786,185,68,7
38240,0.002941538,10435401.149623,0.052412864,185,68,7
38260,0.002943077,11777572.445415,0.059154055,185,68,7
38280,0.002944615,12496886.739051,0.062766885,185,68,7
38300,0.002946154,12640181.928449,0.063486599,185,68,7
38320,0.002947692,12277088.597950,0.061662926,185,68,7
38340,0.002949231,11490419.888602,0.057711803,185,68,7
38360,0.002950769,10368744.329701,0.052078073,185,68,7
38380,0.002952308,9209354.279898,0.046254919,185,68,7
38400,0.002953846,8015900.731509,0.040260677,185,68,7
38420,0.002955385,6918075.440695,0.034746738,185,68,7
38440,0.002956923,6017155.510179,0.030221776,185,68,7
38460,0.002958462,5607652.589814,0.028165005,185,68,7
38480,0.002960000,5252426.121936,0.026380844,185,68,7
38500,0.002961538,5376022.456440,0.027001620,185,68,7
38520,0.002963077,5351500.768830,0.026878457,185,68,7
38540,0.002964615,5248897.741222,0.026363123,185,68,7
38560,0.002966154,5091666.370025,0.025573412,185,68,7
38580,0.002967692,4752253.227015,0.023868675,185,68,7
38600,0.002969231,4244881.249343,0.021320348,185,68,7
38620,0.002970769,3644945.656057,0.018307110,185,68,7
38640,0.002972308,3660199.455244,0.018383724,185,68,7
38660,0.002973846,3635925.658325,0.018261806,185,68,7
38680,0.002975385,3580969.738582,0.017985785,185,68,7
38700,0.002976923,3606954.999432,0.018116298,185,68,7
38720,0.002978462,3920997.226188,0.019693607,185,68,7
38740,0.002980000,4327453.794947,0.021735077,185,68,7
38760,0.002981538,4966082.334986,0.024942654,185,68,7
38780,0.002983077,5783798.657649,0.029049717,185,68,7
38800,0.002984615,6563331.480005,0.032965000,185,68,7
38820,0.002986154,7311082.775457,0.036720657,185,68,7
38840,0.002987692,8029915.083818,0.040331065,185,68,7
38860,0.002989231,8718845.500825,0.043791288,185,68,7
38880,0.002990769,9373550.692659,0.047079612,185,68,7
38900,0.002992308,9987068.522652,0.050161067,185,68,7
38920,0.002993846,10535192.430447,0.052914075,184,69,7
38940,0.002995385,10655285.532142,0.053517255,184,69,7
38960,0.002996923,10265611.273427,0.051560077,184,69,7
38980,0.002998462,9666492.987062,0.048550944,184,69,7
39000,0.003000000,8967355.195646,0.045039454,183,70,7
39020,0.003001538,8098147.829592,0.040673771,183,70,7
39040,0.003003077,7253869.475002,0.036433297,183,70,7
39060,0.003004615,6550620.744263,0.032901159,183,70,7
39080,0.003006154,5868503.930367,0.029475158,183,70,7
39100,0.003007692,5228965.282760,0.026263010,183,70,7
39120,0.003009231,4617963.306750,0.023194190,183,70,7
39140,0.003010769,3985398.527866,0.020017069,182,71,7
39160,0.003012308,3086896.627662,0.015504252,182,71,7
39180,0.003013846,1902433.099853,0.009555164,182,71,7
39200,0.003015385,1068593.507544,0.005367120,182,71,7
39220,0.003016923,1055594.861547,0.005301833,182,71,7
39240,0.003018462,1956590.688126,0.009827176,182,71,7
39260,0.003020000,2723303.125612,0.013678067,182,71,7
39280,0.003021538,3274352.491679,0.016445768,182,71,7
39300,0.003023077,3642956.657395,0.018297120,182,71,7
39320,0.003024615,3862085.207451,0.019397716,182,71,7
39340,0.003026154,4024699.395839,0.020214462,182,71,7
39360,0.003027692,4081778.505015,0.020501148,182,71,7
39380,0.003029231,4046974.422520,0.020326341,182,71,7
39400,0.003030769,3928058.295561,0.019729072,182,71,7
39420,0.003032308,3721409.902498,0.018691160,182,71,7
39440,0.003033846,3434852.105198,0.017251894,182,71,7
39460,0.003035385,3082331.765771,0.015481325,182,71,7
39480,0.003036923,2689701.203602,0.013509298,182,71,7
39500,0.003038462,2307633.956366,0.011590326,182,71,7
39520,0.003040000,1971775.760398,0.009903444,182,71,7
39540,0.003041538,1702973.316034,0.008553357,182,71,7
39560,0.003043077,1611495.883943,0.008093902,182,71,7
39580,0.003044615,1901912.399480,0.009552548,182,71,7
39600,0.003046154,2222478.918142,0.011162626,182,71,7
39620,0.003047692,2565909.347688,0.012887541,182,71,7
39640,0.003049231,2924346.608075,0.014687828,182,71,7
39660,0.003050769,3289460.298551,0.016521649,182,71,7
39680,0.003052308,3652544.758852,0.018345278,182,71,7
39700,0.003053846,4004671.305465,0.020113869,182,71,7
39720,0.003055385,4336922.753703,0.021782636,182,71,7
39740,0.003056923,4640703.238758,0.023308404,182,71,7
39760,0.003058462,4908088.632830,0.024651374,182,71,7
39780,0.003060000,5132170.778946,0.025776850,182,71,7
39800,0.003061538,5613407.200918,0.028193909,182,71,7
39820,0.003063077,6170979.077988,0.030994370,182,71,7
39840,0.003064615,6683245.344483,0.033567279,182,71,7
39860,0.003066154,7133940.203591,0.035830940,182,71,7
39880,0.003067692,7508902.102304,0.037714225,182,71,7
39900,0.003069231,7796474.918642,0.039158588,182,71,7
39920,0.003070769,7987798.468171,0.040119530,182,71,7
39940,0.003072308,8076987.245180,0.040567490,182,71,7
39960,0.003073846,8061198.832333,0.040488191,182,71,7
39980,0.003075385,7940596.201270,0.039882452,182,71,7
40000,0.003076923,7718211.466667,0.038765502,182,71,7
40020,0.003078462,7399722.366710,0.037165858,182,71,7
40040,0.003080000,6993156.390038,0.035123839,182,71,7
40060,0.003081538,6508540.581114,0.032689807,182,71,7
40080,0.003083077,5957517.317406,0.029922237,182,71,7
40100,0.003084615,5352947.738119,0.026885724,182,71,7
40120,0.003086154,4708662.869919,0.023649738,182,71,7
40140,0.003087692,4042806.646776,0.020305408,182,71,7
40160,0.003089231,3382010.222440,0.016986490,182,71,7
40180,0.003090769,2754394.694298,0.013834227,182,71,7
40200,0.003092308,2210527.398130,0.011102599,182,71,7
40220,0.003093846,1807989.040291,0.009080809,182,71,7
40240,0.003095385,1523066.041968,0.007649754,182,71,7
40260,0.003096923,1379950.239304,0.006930940,182,71,7
40280,0.003098462,1394662.909636,0.007004836,182,71,7
40300,0.003100000,1573420.983813,0.007902667,182,71,7
40320,0.003101538,1911110.880413,0.009598749,182,71,7
40340,0.003103077,2388342.979555,0.011995696,182,71,7
40360,0.003104615,2976444.962063,0.014949498,182,71,7
40380,0.003106154,3643989.827122,0.018302310,182,71,7
40400,0.003107692,4362640.549246,0.021911806,182,71,7
40420,0.003109231,5112794.148304,0.025679529,182,71,7
40440,0.003110769,5886673.713747,0.029566417,182,71,7
40460,0.003112308,6687237.820794,0.033587332,182,71,7
40480,0.003113846,7523586.080752,0.037787976,182,71,7
40500,0.003115385,8405034.454762,0.042215140,182,71,7
40520,0.003116923,9336100.626497,0.046891515,182,71,7
40540,0.003118462,10313738.038793,0.051801798,182,71,7
40560,0.003120000,11327108.127306,0.056891553,182,71,7
40580,0.003121538,12359780.251250,0.062078253,182,71,7
40600,0.003123077,13390126.130233,0.067253270,182,71,7
40620,0.003124615,14389688.793166,0.072273676,182,71,7
40640,0.003126154,15326724.433956,0.076980032,182,71,7
40660,0.003127692,16172661.337776,0.081228836,182,71,7
40680,0.003129231,16906693.861456,0.084915589,182,71,7
40700,0.003130769,17517527.822771,0.087983565,182,71,7
40720,0.003132308,18003201.012291,0.090422908,182,71,7
40740,0.003133846,18369885.694337,0.092264619,182,71,7
40760,0.003135385,18631290.104056,0.093577549,182,71,7
40780,0.003136923,18822474.298553,0.094537792,182,71,7
40800,0.003138462,18988768.315589,0.095373020,182,71,7
40820,0.003140000,19166259.006697,0.096264485,182,71,7
40840,0.003141538,19381030.088511,0.097343195,182,71,7
40860,0.003143077,19645116.726933,0.098669597,182,71,7
40880,0.003144615,19968031.100546,0.100291467,182,71,7
40900,0.003146154,20358140.651070,0.102250832,182,71,7
40920,0.003147692,20819607.716006,0.104568597,182,71,7
40940,0.003149231,21352326.294263,0.107244231,182,71,7
40960,0.003150769,21951918.309901,0.110255742,182,71,7
40980,0.003152308,22609449.959478,0.113558262,182,71,7
41000,0.003153846,23311269.270105,0.117083221,182,71,7
41020,0.003155385,24039273.981245,0.120739699,182,71,7
41040,0.003156923,24771678.819588,0.124418276,182,71,7
41060,0.003158462,25484171.369762,0.127996843,182,71,7
41080,0.003160000,26151265.168418,0.131347389,182,71,7
41100,0.003161538,26747659.782707,0.134342842,182,71,7
41120,0.003163077,27249466.321391,0.136863216,182,71,7
41140,0.003164615,27635220.079834,0.138800704,182,71,7
41160,0.003166154,27886656.638522,0.140063569,182,71,7
41180,0.003167692,27989262.812635,0.140578919,182,71,7
41200,0.003169231,27932628.867714,0.140294469,182,71,7
41220,0.003170769,27710629.079121,0.139179453,182,71,7
41240,0.003172308,27321451.617347,0.137224770,182,71,7
41260,0.003173846,26767492.227341,0.134442452,182,71,7
41280,0.003175385,26055122.852253,0.130864505,182,71,7
41300,0.003176923,25194347.081116,0.126541171,182,71,7
41320,0.003178462,24198357.993551,0.121538714,182,71,7
41340,0.003180000,23136105.681038,0.116203444,182,71,7
41360,0.003181538,22047368.503611,0.110735151,182,71,7
41380,0.003183077,21734691.632034,0.109164699,182,71,7
41400,0.003184615,21825849.162415,0.109622547,182,71,7
41420,0.003186154,21698057.622172,0.108980701,182,71,7
41440,0.003187692,21382956.259648,0.107398073,182,71,7
41460,0.003189231,20927971.893139,0.105112867,182,71,7
41480,0.003190769,20313079.873018,0.102024510,182,71,7
41500,0.003192308,19344303.710058,0.097158733,182,71,7
41520,0.003193846,18057963.605784,0.090697959,182,71,7
41540,0.003195385,16563618.569443,0.083192459,182,71,7
41560,0.003196923,14959929.050972,0.075137765,182,71,7
41580,0.003198462,13330966.138460,0.066956133,182,71,7
41600,0.003200000,12116421.422499,0.060855959,182,71,7
41620,0.003201538,11477419.733440,0.057646508,182,71,7
41640,0.003203077,10935480.970517,0.054924565,182,71,7
41660,0.003204615,10514918.629349,0.052812248,182,71,7
41680,0.003206154,10224076.228711,0.051351463,182,71,7
41700,0.003207692,10055699.291567,0.050505772,182,71,7
41720,0.003209231,9974982.565405,0.050100364,182,71,7
41740,0.003210769,9932758.912797,0.049888292,182,71,7
41760,0.003212308,9879646.611555,0.049621530,182,71,7
41780,0.003213846,9773821.747875,0.049090014,182,71,7
41800,0.003215385,9584076.448671,0.048136999,182,71,7
41820,0.003216923,9290356.633552,0.046661761,182,71,7
41840,0.003218462,8883167.635808,0.044616613,182,71,7
41860,0.003220000,8362544.845590,0.042001732,182,71,7
41880,0.003221538,7737539.034749,0.038862577,182,71,7
41900,0.003223077,7025181.818384,0.035284690,182,71,7
41920,0.003224615,6944236.747431,0.034878135,182,71,7
41940,0.003226154,7144483.904002,0.035883897,182,71,7
41960,0.003227692,7300438.346353,0.036667194,182,71,7
41980,0.003229231,7412729.451858,0.037231188,182,71,7
42000,0.003230769,7483560.798473,0.037586945,182,71,7
42020,0.003232308,7514080.907753,0.037740236,182,71,7
42040,0.003233846,7515143.072328,0.037745570,182,71,7
42060,0.003235385,7594847.570971,0.038145894,182,71,7
42080,0.003236923,7590624.103631,0.038124682,182,71,7
42100,0.003238462,7501665.612422,0.037677879,182,71,7
42120,0.003240000,7326786.968609,0.036799533,182,71,7
42140,0.003241538,7065510.510098,0.035487245,182,71,7
42160,0.003243077,6719138.391573,0.033747556,182,71,7
42180,0.003244615,6291609.594210,0.031600249,182,71,7
42200,0.003246154,5790008.252389,0.029080905,182,71,7
42220,0.003247692,5240902.239694,0.026322965,182,71,7
42240,0.003249231,4781909.968222,0.024017629,182,71,7
42260,0.003250769,4306935.791973,0.021632023,182,71,7
42280,0.003252308,3826339.121157,0.019218177,182,71,7
42300,0.003253846,3350434.140407,0.016827896,182,71,7
42320,0.003255385,2889018.271794,0.014510388,182,71,7
42340,0.003256923,2612308.504589,0.013120585,182,71,7
42360,0.003258462,2837818.668698,0.014253233,182,71,7
42380,0.003260000,3024169.643545,0.015189200,182,71,7
42400,0.003261538,3186268.756153,0.016003359,182,71,7
42420,0.003263077,3381513.768248,0.016983997,182,71,7
42440,0.003264615,3530843.811598,0.017734022,182,71,7
42460,0.003266154,3632353.923048,0.018243867,182,71,7
42480,0.003267692,3647309.153788,0.018318981,182,71,7
42500,0.003269231,3579809.673381,0.017979958,182,71,7
42520,0.003270769,3436203.334364,0.017258681,182,71,7
42540,0.003272308,3224667.958189,0.016196223,182,71,7
42560,0.003273846,2952424.381011,0.014828852,182,71,7
42580,0.003275385,2626716.662504,0.013192952,182,71,7
42600,0.003276923,2260593.663726,0.011354062,182,71,7
42620,0.003278462,1873996.524614,0.009412338,182,71,7
42640,0.003280000,1677731.331821,0.008426576,182,71,7
42660,0.003281538,1608140.655733,0.008077050,182,71,7
42680,0.003283077,1734409.919600,0.008711250,182,71,7
42700,0.003284615,2121025.281810,0.010653065,182,71,7
42720,0.003286154,2479693.294037,0.012454512,182,71,7
42740,0.003287692,2819178.642969,0.014159611,182,71,7
42760,0.003289231,3246758.180350,0.016307173,182,71,7
42780,0.003290769,3577878.883382,0.017970261,182,71,7
42800,0.003292308,3939280.141717,0.019785435,182,71,7
42820,0.003293846,4119365.762528,0.020689934,182,71,7
42840,0.003295385,4119312.198821,0.020689664,182,71,7
42860,0.003296923,4106670.793214,0.020626172,182,71,7
42880,0.003298462,3900202.724387,0.019589165,182,71,7
42900,0.003300000,3557328.094169,0.017867042,182,71,7
42920,0.003301538,3289276.577948,0.016520726,182,71,7
42940,0.003303077,2930217.314045,0.014717314,182,71,7
42960,0.003304615,2643557.610068,0.013277537,182,71,7
42980,0.003306154,2399824.647102,0.012053363,182,71,7
43000,0.003307692,2193965.605652,0.011019415,182,71,7
43020,0.003309231,1933254.023228,0.009709965,182,71,7
43040,0.003310769,1729755.688521,0.008687874,182,71,7
43060,0.003312308,1548477.771815,0.007777387,182,71,7
43080,0.003313846,1382318.011773,0.006942833,182,71,7
43100,0.003315385,1225762.708761,0.006156518,182,71,7
43120,0.003316923,1066617.824048,0.005357197,182,71,7
43140,0.003318462,894082.615781,0.004490621,182,71,7
43160,0.003320000,703066.303053,0.003531222,182,71,7
43180,0.003321538,557874.214965,0.002801980,182,71,7
43200,0.003323077,544964.006232,0.002737137,182,71,7
43220,0.003324615,698871.035439,0.003510151,182,71,7
43240,0.003326154,823079.414612,0.004134000,182,71,7
43260,0.003327692,912784.890304,0.004584555,182,71,7
43280,0.003329231,990191.063883,0.004973335,182,71,7
43300,0.003330769,1062814.994452,0.005338096,182,71,7
43320,0.003332308,1099570.122743,0.005522703,182,71,7
43340,0.003333846,1109080.061692,0.005570467,182,71,7
43360,0.003335385,1149100.214188,0.005771473,182,71,7
43380,0.003336923,1165834.143504,0.005855521,182,71,7
43400,0.003338462,1262548.465765,0.006341278,182,71,7
43420,0.003340000,1387160.352205,0.006967154,182,71,7
43440,0.003341538,1461816.002134,0.007342120,182,71,7
43460,0.003343077,1477110.302855,0.007418937,182,71,7
43480,0.003344615,1429503.719155,0.007179828,182,71,7
43500,0.003346154,1321360.863932,0.006636669,182,71,7
43520,0.003347692,1160409.882575,0.005828277,182,71,7
43540,0.003349231,1152334.796187,0.005787719,182,71,7
43560,0.003350769,1158648.776300,0.005819431,182,71,7
43580,0.003352308,1139618.368626,0.005723849,182,71,7
43600,0.003353846,1102685.258169,0.005538349,182,71,7
43620,0.003355385,1092938.332174,0.005489394,182,71,7
43640,0.003356923,1140463.724951,0.005728095,182,71,7
43660,0.003358462,1197242.508596,0.006013272,182,71,7
43680,0.003360000,1230260.449400,0.006179108,182,71,7
43700,0.003361538,1241541.672500,0.006235769,182,71,7
43720,0.003363077,1233434.668398,0.006195051,182,71,7
43740,0.003364615,1208520.151727,0.006069915,182,71,7
43760,0.003366154,1169604.972800,0.005874460,182,71,7
43780,0.003367692,1119678.761888,0.005623700,182,71,7
43800,0.003369231,1061840.658654,0.005333203,182,71,7
43820,0.003370769,999211.582034,0.005018642,182,71,7
43840,0.003372308,934830.446483,0.004695281,182,71,7
43860,0.003373846,913426.220368,0.004587776,182,71,7
43880,0.003375385,955312.612640,0.004798155,182,71,7
43900,0.003376923,1000723.440219,0.005026235,182,71,7
43920,0.003378462,1046221.961152,0.005254756,182,71,7
43940,0.003380000,1088085.135154,0.005465018,182,71,7
43960,0.003381538,1122718.505825,0.005638968,182,71,7
43980,0.003383077,1147060.192992,0.005761226,182,71,7
44000,0.003384615,1158906.793211,0.005820727,182,71,7
44020,0.003386154,1157114.669567,0.005811726,182,71,7
44040,0.003387692,1141657.389110,0.005734090,182,71,7
44060,0.003389231,1113547.211690,0.005592904,182,71,7
44080,0.003390769,1074649.976673,0.005397539,182,71,7
44100,0.003392308,1027486.731763,0.005160657,182,71,7
44120,0.003393846,980776.398453,0.004926049,182,71,7
44140,0.003395385,946384.620438,0.004753313,182,71,7
44160,0.003396923,926676.379290,0.004654326,182,71,7
44180,0.003398462,919174.176770,0.004616646,182,71,7
44200,0.003400000,918661.511375,0.004614071,182,71,7
44220,0.003401538,918416.683368,0.004612841,182,71,7
44240,0.003403077,911309.342101,0.004577144,182,71,7
44260,0.003404615,890756.029529,0.004473913,182,71,7
44280,0.003406154,919393.527869,0.004617748,182,71,7
44300,0.003407692,1072664.834694,0.005387568,182,71,7
44320,0.003409231,1239562.763563,0.006225830,182,71,7
44340,0.003410769,1410076.633321,0.007082253,182,71,7
44360,0.003412308,1575411.366989,0.007912664,182,71,7
44380,0.003413846,1728934.975309,0.008683752,182,71,7
44400,0.003415385,1865804.109400,0.009371191,182,71,7
44420,0.003416923,1987189.901176,0.009980863,182,71,7
44440,0.003418462,2087782.176088,0.010486098,182,71,7
44460,0.003420000,2160893.321734,0.010853306,182,71,7
44480,0.003421538,2203565.642618,0.011067633,182,71,7
44500,0.003423077,2214760.533024,0.011123860,182,71,7
44520,0.003424615,2200690.127751,0.011053190,182,71,7
44540,0.003426154,2227381.671797,0.011187251,182,71,7
44560,0.003427692,2232960.860469,0.011215273,182,71,7
44580,0.003429231,2205433.691226,0.011077015,182,71,7
44600,0.003430769,2148117.840247,0.010789140,182,71,7
44620,0.003432308,2065870.723087,0.010376046,182,71,7
44640,0.003433846,1966888.077235,0.009878895,182,71,7
44660,0.003435385,1858179.791464,0.009332897,182,71,7
44680,0.003436923,1745178.911935,0.008765339,182,71,7
44700,0.003438462,1632693.320921,0.008200368,182,71,7
44720,0.003440000,1581636.134350,0.007943928,182,71,7
44740,0.003441538,1584249.720239,0.007957055,182,71,7
44760,0.003443077,1811840.543301,0.009100153,182,71,7
44780,0.003444615,2017795.123680,0.010134581,182,71,7
44800,0.003446154,2194194.673677,0.011020566,182,71,7
44820,0.003447692,2339471.217091,0.011750232,182,71,7
44840,0.003449231,2454732.816972,0.012329145,182,71,7
44860,0.003450769,2543740.715565,0.012776196,182,71,7
44880,0.003452308,2610853.511429,0.013113277,182,71,7
44900,0.003453846,2660441.782033,0.013362339,182,71,7
44920,0.003455385,2696781.027182,0.013544857,182,71,7
44940,0.003456923,2723881.792096,0.013680973,182,71,7
44960,0.003458462,2745351.101610,0.013788805,182,71,7
44980,0.003460000,2764320.488787,0.013884081,182,71,7
45000,0.003461538,2783449.184379,0.013980157,182,71,7
45020,0.003463077,2804586.450866,0.014086321,182,71,7
45040,0.003464615,2829283.271617,0.014210363,182,71,7
45060,0.003466154,2859066.704018,0.014359953,182,71,7
45080,0.003467692,2894754.733614,0.014539200,182,71,7
45100,0.003469231,2936380.748601,0.014748271,182,71,7
45120,0.003470769,2983515.150702,0.014985008,182,71,7
45140,0.003472308,3035400.179431,0.015245606,182,71,7
45160,0.003473846,3091027.110477,0.015524998,182,71,7
45180,0.003475385,3149207.474164,0.015817215,182,71,7
45200,0.003476923,3208589.518716,0.016115467,182,71,7
45220,0.003478462,3267662.320059,0.016412166,182,71,7
45240,0.003480000,3324780.238059,0.016699047,182,71,7
45260,0.003481538,3378216.788847,0.016967437,182,71,7
45280,0.003483077,3426242.275243,0.017208650,182,71,7
45300,0.003484615,3467213.358389,0.017414432,182,71,7
45320,0.003486154,3499661.912972,0.017577408,182,71,7
45340,0.003487692,3522372.591061,0.017691475,182,71,7
45360,0.003489231,3534441.943398,0.017752094,182,71,7
45380,0.003490769,3535315.613652,0.017756482,182,71,7
45400,0.003492308,3524803.306801,0.017703683,182,71,7
45420,0.003493846,3503073.559402,0.017594543,182,71,7
45440,0.003495385,3470631.717485,0.017431601,182,71,7
45460,0.003496923,3428289.010766,0.017218930,182,71,7
45480,0.003498462,3379382.601667,0.016973293,182,71,7
45500,0.003500000,3329925.965896,0.016724892,182,71,7
45520,0.003501538,3281685.081171,0.016482597,182,71,7
45540,0.003503077,3234839.630606,0.016247311,182,71,7
45560,0.003504615,3189325.578724,0.016018712,182,71,7
45580,0.003506154,3145169.601401,0.015796934,182,71,7
45600,0.003507692,3102548.470761,0.015582865,182,71,7
45620,0.003509231,3061765.185214,0.015378027,182,71,7
45640,0.003510769,3023195.861466,0.015184309,182,71,7
45660,0.003512308,2987225.905628,0.015003646,182,71,7
45680,0.003513846,2954187.364925,0.014837707,182,71,7
45700,0.003515385,2924307.247403,0.014687631,182,71,7
45720,0.003516923,2900240.226369,0.014566752,182,71,7
45740,0.003518462,2891633.649803,0.014523524,182,71,7
45760,0.003520000,2890536.306942,0.014518013,182,71,7
45780,0.003521538,2890287.728440,0.014516764,182,71,7
45800,0.003523077,2889561.664720,0.014513117,182,71,7
45820,0.003524615,2887390.940097,0.014502215,182,71,7
45840,0.003526154,2883311.483594,0.014481725,182,71,7
45860,0.003527692,2877215.854355,0.014451109,182,71,7
45880,0.003529231,2869196.552591,0.014410832,182,71,7
45900,0.003530769,2859455.786354,0.014361908,182,71,7
45920,0.003532308,2848278.199188,0.014305767,182,71,7
45940,0.003533846,2836045.064871,0.014244325,182,71,7
45960,0.003535385,2823299.844017,0.014180311,182,71,7
45980,0.003536923,2810831.779976,0.014117688,182,71,7
46000,0.003538462,2800513.386679,0.014065863,182,71,7
46020,0.003540000,2795329.970975,0.014039829,182,71,7
46040,0.003541538,2796725.387781,0.014046838,182,71,7
46060,0.003543077,2804433.228401,0.014085551,182,71,7
46080,0.003544615,2817311.081318,0.014150231,182,71,7
46100,0.003546154,2819737.979934,0.014162421,182,71,7
46120,0.003547692,2789341.232354,0.014009750,182,71,7
46140,0.003549231,2742355.901731,0.013773761,182,71,7
46160,0.003550769,2687852.886927,0.013500014,182,71,7
46180,0.003552308,2633322.798019,0.013226132,182,71,7
46200,0.003553846,2586097.908528,0.012988940,182,71,7
46220,0.003555385,2552668.129083,0.012821035,182,71,7
46240,0.003556923,2537884.456822,0.012746783,182,71,7
46260,0.003558462,2544492.754984,0.012779974,182,71,7
46280,0.003560000,2573000.160159,0.012923155,182,71,7
46300,0.003561538,2621849.477126,0.013168506,182,71,7
46320,0.003563077,2692095.170860,0.013521322,182,71,7
46340,0.003564615,2781291.435286,0.013969319,182,71,7
46360,0.003566154,2879056.711195,0.014460355,182,71,7
46380,0.003567692,2975422.084453,0.014944360,182,71,7
46400,0.003569231,3061132.870297,0.015374851,182,71,7
46420,0.003570769,3121378.693732,0.015677442,182,71,7
46440,0.003572308,3148482.467698,0.015813573,182,71,7
46460,0.003573846,3150994.451866,0.015826190,182,71,7
46480,0.003575385,3137449.360605,0.015758159,182,71,7
46500,0.003576923,3113787.490696,0.015639314,182,71,7
46520,0.003578462,3084115.959965,0.015490286,182,71,7
46540,0.003580000,3051480.832423,0.015326373,182,71,7
46560,0.003581538,3018331.048254,0.015159875,182,71,7
46580,0.003583077,2986769.583702,0.015001354,182,71,7
46600,0.003584615,2958666.508802,0.014860203,182,71,7
46620,0.003586154,2935672.435075,0.014744713,182,71,7
46640,0.003587692,2919165.789625,0.014661807,182,71,7
46660,0.003589231,2910172.340239,0.014616637,182,71,7
46680,0.003590769,2909296.466284,0.014612237,182,71,7
46700,0.003592308,2916687.561320,0.014649360,182,71,7
46720,0.003593846,2932044.371093,0.014726491,182,71,7
46740,0.003595385,2954656.461614,0.014840063,182,71,7
46760,0.003596923,2983475.443416,0.014984809,182,71,7
46780,0.003598462,3017204.485042,0.015154216,182,71,7
46800,0.003600000,3054394.079921,0.015341005,182,71,7
46820,0.003601538,3093533.647930,0.015537587,182,71,7
46840,0.003603077,3133131.415084,0.015736471,182,71,7
46860,0.003604615,3171778.361388,0.015930579,182,71,7
46880,0.003606154,3208195.205502,0.016113487,182,71,7
46900,0.003607692,3241263.899819,0.016279578,182,71,7
46920,0.003609231,3270046.646763,0.016424142,182,71,7
46940,0.003610769,3300817.123617,0.016578690,182,71,7
46960,0.003612308,3328006.732314,0.016715252,182,71,7
46980,0.003613846,3349626.853456,0.016823842,182,71,7
47000,0.003615385,3365133.031551,0.016901723,182,71,7
47020,0.003616923,3374175.090731,0.016947138,182,71,7
47040,0.003618462,3376612.536456,0.016959380,182,71,7
47060,0.003620000,3378741.216733,0.016970071,182,71,7
47080,0.003621538,3378835.756122,0.016970546,182,71,7
47100,0.003623077,3372994.918551,0.016941210,182,71,7
47120,0.003624615,3361667.547242,0.016884317,182,71,7
47140,0.003626154,3345526.506846,0.016803247,182,71,7
47160,0.003627692,3325449.304797,0.016702407,182,71,7
47180,0.003629231,3302487.516185,0.016587079,182,71,7
47200,0.003630769,3277825.771785,0.016463213,182,71,7
47220,0.003632308,3252732.197438,0.016337178,182,71,7
47240,0.003633846,3228503.161523,0.016215485,182,71,7
47260,0.003635385,3206405.805267,0.016104499,182,71,7
47280,0.003636923,3187622.163443,0.016010157,182,71,7
47300,0.003638462,3173200.624512,0.015937723,182,71,7
47320,0.003640000,3164020.844750,0.015891616,182,71,7
47340,0.003641538,3160770.570108,0.015875292,182,71,7
47360,0.003643077,3163928.355703,0.015891152,182,71,7
47380,0.003644615,3173744.973585,0.015940457,182,71,7
47400,0.003646154,3190218.159529,0.016023195,182,71,7
47420,0.003647692,3213060.423817,0.016137923,182,71,7
47440,0.003649231,3241666.877468,0.016281602,182,71,7
47460,0.003650769,3282619.674262,0.016487291,182,71,7
47480,0.003652308,3331436.602400,0.016732479,182,71,7
47500,0.003653846,3382061.149461,0.016986746,182,71,7
47520,0.003655385,3432471.121695,0.017239935,182,71,7
47540,0.003656923,3480543.474041,0.017481384,182,71,7
47560,0.003658462,3524171.817314,0.017700511,182,71,7
47580,0.003660000,3561386.428777,0.017887426,182,71,7
47600,0.003661538,3590465.463233,0.018033478,182,71,7
47620,0.003663077,3610027.623545,0.018131731,182,71,7
47640,0.003664615,3619099.125070,0.018177293,182,71,7
47660,0.003666154,3617150.887411,0.018167508,182,71,7
47680,0.003667692,3604105.053133,0.018101984,182,71,7
47700,0.003669231,3580312.792154,0.017982485,182,71,7
47720,0.003670769,3546507.639950,0.017812695,182,71,7
47740,0.003672308,3503740.190441,0.017597891,182,71,7
47760,0.003673846,3453239.892670,0.017344249,182,71,7
47780,0.003675385,3396046.683681,0.017056990,182,71,7
47800,0.003676923,3333590.665857,0.016743298,182,71,7
47820,0.003678462,3267468.796340,0.016411194,182,71,7
47840,0.003680000,3206042.962434,0.016102677,182,71,7
47860,0.003681538,3147810.656265,0.015810199,182,71,7
47880,0.003683077,3089070.489991,0.015515171,182,71,7
47900,0.003684615,3030146.748157,0.015219220,182,71,7
47920,0.003686154,2971314.639614,0.014923730,182,71,7
47940,0.003687692,2912839.139350,0.014630031,182,71,7
47960,0.003689231,2854938.670710,0.014339220,182,71,7
47980,0.003690769,2797771.639903,0.014052093,182,71,7
48000,0.003692308,2741437.833244,0.013769150,182,71,7
48020,0.003693846,2685982.925647,0.013490622,182,71,7
48040,0.003695385,2631402.335267,0.013216486,182,71,7
48060,0.003696923,2577645.049441,0.012946484,182,71,7
48080,0.003698462,2524618.875374,0.012680155,182,71,7
48100,0.003700000,2472197.843933,0.012416865,182,71,7
48120,0.003701538,2420231.563943,0.012155859,182,71,7
48140,0.003703077,2368555.734555,0.011896312,182,71,7
48160,0.003704615,2317002.843980,0.011637382,182,71,7
48180,0.003706154,2265412.186671,0.011378263,182,71,7
48200,0.003707692,2213638.558698,0.011118225,182,71,7
48220,0.003709231,2161559.227603,0.010856651,182,71,7
48240,0.003710769,2109187.873923,0.010593611,182,71,7
48260,0.003712308,2059036.851981,0.010341722,182,71,7
48280,0.003713846,2013031.192856,0.010110654,182,71,7
48300,0.003715385,1970024.410544,0.009894648,182,71,7
48320,0.003716923,1927780.132311,0.009682472,182,71,7
48340,0.003718462,1883827.667660,0.009461716,182,71,7
48360,0.003720000,1835907.951905,0.009221034,182,71,7
48380,0.003721538,1782208.330723,0.008951323,182,71,7
48400,0.003723077,1721447.699853,0.008646146,182,71,7
48420,0.003724615,1652859.543116,0.008301655,182,71,7
48440,0.003726154,1576115.124767,0.007916199,182,71,7
48460,0.003727692,1491222.193299,0.007489815,182,71,7
48480,0.003729231,1398426.855920,0.007023741,182,71,7
48500,0.003730769,1298137.793499,0.006520029,182,71,7
48520,0.003732308,1190882.677940,0.005981329,182,71,7
48540,0.003733846,1077297.387478,0.005410836,182,71,7
48560,0.003735385,958140.841769,0.004812360,182,71,7
48580,0.003736923,834323.301775,0.004190474,182,71,7
48600,0.003738462,752635.729258,0.003780189,182,71,7
48620,0.003740000,774987.346873,0.003892453,182,71,7
48640,0.003741538,820530.022000,0.004121195,182,71,7
48660,0.003743077,862245.425794,0.004330715,182,71,7
48680,0.003744615,898651.404703,0.004513568,182,71,7
48700,0.003746154,928331.606761,0.004662640,182,71,7
48720,0.003747692,950213.388793,0.004772543,182,71,7
48740,0.003749231,971700.934210,0.004880467,182,71,7
48760,0.003750769,987262.322705,0.004958625,182,71,7
48780,0.003752308,992706.120123,0.004985967,182,71,7
48800,0.003753846,988507.998697,0.004964882,182,71,7
48820,0.003755385,975443.205982,0.004899263,182,71,7
48840,0.003756923,954489.775976,0.004794022,182,71,7
48860,0.003758462,926789.464061,0.004654894,182,71,7
48880,0.003760000,893510.791697,0.004487749,182,71,7
48900,0.003761538,901533.683825,0.004528045,182,71,7
48920,0.003763077,907345.109217,0.004557233,182,71,7
48940,0.003764615,909998.024072,0.004570558,182,71,7
48960,0.003766154,909525.323433,0.004568183,182,71,7
48980,0.003767692,898073.433662,0.004510665,182,71,7
49000,0.003769231,882871.823486,0.004434314,182,71,7
49020,0.003770769,923030.348480,0.004636014,182,71,7
49040,0.003772308,955051.145758,0.004796842,182,71,7
49060,0.003773846,981906.969672,0.004931728,182,71,7
49080,0.003775385,1005347.316227,0.005049459,182,71,7
49100,0.003776923,1026344.026495,0.005154917,182,71,7
49120,0.003778462,1045360.597892,0.005250430,182,71,7
49140,0.003780000,1062524.469343,0.005336637,182,71,7
49160,0.003781538,1077756.995202,0.005413144,182,71,7
49180,0.003783077,1090879.461785,0.005479053,182,71,7
49200,0.003784615,1101802.974279,0.005533918,182,71,7
49220,0.003786154,1110472.806176,0.005577463,182,71,7
49240,0.003787692,1116556.670130,0.005608019,182,71,7
49260,0.003789231,1119624.818047,0.005623430,182,71,7
49280,0.003790769,1119336.282853,0.005621980,182,71,7
49300,0.003792308,1115540.419574,0.005602915,182,71,7
49320,0.003793846,1108296.879713,0.005566534,182,71,7
49340,0.003795385,1099009.972222,0.005519889,182,71,7
49360,0.003796923,1086938.057240,0.005459257,182,71,7
49380,0.003798462,1072346.021771,0.005385967,182,71,7
49400,0.003800000,1055789.265252,0.005302809,182,71,7
49420,0.003801538,1037974.391343,0.005213332,182,71,7
49440,0.003803077,1019515.817545,0.005120622,182,71,7
49460,0.003804615,1000894.564525,0.005027095,182,71,7
49480,0.003806154,982498.575987,0.004934699,182,71,7
49500,0.003807692,964670.370243,0.004845155,182,71,7
49520,0.003809231,947736.923662,0.004760105,182,71,7
49540,0.003810769,932015.108044,0.004681141,182,71,7
49560,0.003812308,917797.013738,0.004609729,182,71,7
49580,0.003813846,905324.702367,0.004547085,182,71,7
49600,0.003815385,894764.161129,0.004494044,182,71,7
49620,0.003816923,886185.641467,0.004450958,182,71,7
49640,0.003818462,879554.216218,0.004417651,182,71,7
49660,0.003820000,874731.483341,0.004393428,182,71,7
49680,0.003821538,871487.302919,0.004377134,182,71,7
49700,0.003823077,869519.269239,0.004367249,182,71,7
49720,0.003824615,868477.120224,0.004362015,182,71,7
49740,0.003826154,867989.275036,0.004359564,182,71,7
49760,0.003827692,867688.993966,0.004358056,182,71,7
49780,0.003829231,867238.130870,0.004355792,182,71,7
49800,0.003830769,866346.992314,0.004351316,182,71,7
49820,0.003832308,864789.355064,0.004343492,182,71,7
49840,0.003833846,862412.179035,0.004331553,182,71,7
49860,0.003835385,859139.966818,0.004315118,182,71,7
49880,0.003836923,854974.054292,0.004294194,182,71,7
49900,0.003838462,849987.375082,0.004269148,182,71,7
49920,0.003840000,844315.429061,0.004240660,182,71,7
49940,0.003841538,838144.309246,0.004209665,182,71,7
49960,0.003843077,831696.708589,0.004177281,182,71,7
49980,0.003844615,825216.842007,0.004144736,182,71,7
50000,0.003846154,818955.186824,0.004113286,182,71,7
50020,0.003847692,813153.870012,0.004084148,182,71,7
50040,0.003849231,808818.648703,0.004062374,182,71,7
50060,0.003850769,806835.636115,0.004052414,182,71,7
50080,0.003852308,805784.237078,0.004047133,182,71,7
50100,0.003853846,805730.268191,0.004046862,182,71,7
50120,0.003855385,806697.337504,0.004051719,182,71,7
50140,0.003856923,808666.209156,0.004061608,182,71,7
50160,0.003858462,811576.313204,0.004076225,182,71,7
50180,0.003860000,815329.171773,0.004095074,182,71,7
50200,0.003861538,819793.433261,0.004117496,182,71,7
50220,0.003863077,824811.151240,0.004142698,182,71,7
50240,0.003864615,830204.915378,0.004169789,182,71,7
50260,0.003866154,835785.435421,0.004197817,182,71,7
50280,0.003867692,841359.194513,0.004225812,182,71,7
50300,0.003869231,846735.820216,0.004252817,182,71,7
50320,0.003870769,851734.868183,0.004277925,182,71,7
50340,0.003872308,856191.769396,0.004300310,182,71,7
50360,0.003873846,860255.733959,0.004320722,182,71,7
50380,0.003875385,864649.741540,0.004342791,182,71,7
50400,0.003876923,869222.404678,0.004365758,182,71,7
50420,0.003878462,873402.102266,0.004386751,182,71,7
50440,0.003880000,876609.899599,0.004402862,182,71,7
50460,0.003881538,878409.630706,0.004411902,182,71,7
50480,0.003883077,878534.621332,0.004412529,182,71,7
50500,0.003884615,876854.819392,0.004404093,182,71,7
50520,0.003886154,873327.914172,0.004386378,182,71,7
50540,0.003887692,867959.021112,0.004359412,182,71,7
50560,0.003889231,860777.401016,0.004323342,182,71,7
50580,0.003890769,851828.910192,0.004278397,182,71,7
50600,0.003892308,841105.044050,0.004224536,182,71,7
50620,0.003893846,828223.482580,0.004159837,182,71,7
50640,0.003895385,813128.038559,0.004084018,182,71,7
50660,0.003896923,795997.986550,0.003997981,182,71,7
50680,0.003898462,777041.944885,0.003902772,182,71,7
50700,0.003900000,756627.687896,0.003800240,182,71,7
50720,0.003901538,735249.886126,0.003692867,182,71,7
50740,0.003903077,713444.635430,0.003583348,182,71,7
50760,0.003904615,701965.437242,0.003525693,182,71,7
50780,0.003906154,714552.039837,0.003588910,182,71,7
50800,0.003907692,724200.581462,0.003637371,182,71,7
50820,0.003909231,730724.584264,0.003670139,182,71,7
50840,0.003910769,734041.555968,0.003686798,182,71,7
50860,0.003912308,734168.384447,0.003687435,182,71,7
50880,0.003913846,731210.384388,0.003672579,182,71,7
50900,0.003915385,725345.851668,0.003643123,182,71,7
50920,0.003916923,716808.299596,0.003600243,182,71,7
50940,0.003918462,705868.387004,0.003545296,182,71,7
50960,0.003920000,692817.078753,0.003479744,182,71,7
50980,0.003921538,677951.002357,0.003405078,182,71,7
51000,0.003923077,661560.426921,0.003322755,182,71,7
51020,0.003924615,643919.877860,0.003234153,182,71,7
51040,0.003926154,625281.137614,0.003140538,182,71,7
51060,0.003927692,605878.364650,0.003043086,182,71,7
51080,0.003929231,585953.363123,0.002943010,182,71,7
51100,0.003930769,565629.530847,0.002840932,182,71,7
51120,0.003932308,544900.125641,0.002736816,182,71,7
51140,0.003933846,523685.650898,0.002630264,182,71,7
51160,0.003935385,517759.327756,0.002600499,182,71,7
51180,0.003936923,516231.476192,0.002592825,182,71,7
51200,0.003938462,514523.347763,0.002584246,182,71,7
51220,0.003940000,520384.338564,0.002613683,182,71,7
51240,0.003941538,529050.432394,0.002657210,182,71,7
51260,0.003943077,537611.308252,0.002700207,182,71,7
51280,0.003944615,545966.035697,0.002742170,182,71,7
51300,0.003946154,554014.752136,0.002782595,182,71,7
51320,0.003947692,561664.939055,0.002821019,182,71,7
51340,0.003949231,568836.233303,0.002857038,182,71,7
51360,0.003950769,575463.692510,0.002890325,182,71,7
51380,0.003952308,581499.621730,0.002920641,182,71,7
51400,0.003953846,586914.174503,0.002947836,182,71,7
51420,0.003955385,591694.986594,0.002971848,182,71,7
51440,0.003956923,595846.104252,0.002992698,182,71,7
51460,0.003958462,599386.442501,0.003010479,182,71,7
51480,0.003960000,602347.963591,0.003025354,182,71,7
51500,0.003961538,604773.711282,0.003037537,182,71,7
51520,0.003963077,606715.781735,0.003047292,182,71,7
51540,0.003964615,608233.264947,0.003054913,182,71,7
51560,0.003966154,609390.156588,0.003060724,182,71,7
51580,0.003967692,610253.224884,0.003065059,182,71,7
51600,0.003969231,610890.016380,0.003068257,182,71,7
51620,0.003970769,611408.921075,0.003070863,182,71,7
51640,0.003972308,611935.327827,0.003073507,182,71,7
51660,0.003973846,612429.522501,0.003075990,182,71,7
51680,0.003975385,612759.173072,0.003077645,182,71,7
51700,0.003976923,615155.853956,0.003089683,182,71,7
51720,0.003978462,633820.542607,0.003183428,182,71,7
51740,0.003980000,651534.434456,0.003272398,182,71,7
51760,0.003981538,668401.866544,0.003357116,182,71,7
51780,0.003983077,684585.881746,0.003438402,182,71,7
51800,0.003984615,700267.129258,0.003517163,182,71,7
51820,0.003986154,715618.667047,0.003594268,182,71,7
51840,0.003987692,730782.152580,0.003670428,182,71,7
51860,0.003989231,745851.852080,0.003746117,182,71,7
51880,0.003990769,760869.330155,0.003821544,182,71,7
51900,0.003992308,775827.024158,0.003896670,182,71,7
51920,0.003993846,790677.161074,0.003971256,182,71,7
51940,0.003995385,805342.701416,0.004044916,182,71,7
51960,0.003996923,819728.003556,0.004117167,182,71,7
51980,0.003998462,833727.995735,0.004187484,182,71,7
52000,0.004000000,847235.502451,0.004255326,182,71,7
52020,0.004001538,860146.895161,0.004320175,182,71,7
52040,0.004003077,872366.450272,0.004381549,182,71,7
52060,0.004004615,883809.787103,0.004439025,182,71,7
52080,0.004006154,894406.631570,0.004492248,182,71,7
52100,0.004007692,904103.001064,0.004540949,182,71,7
52120,0.004009231,912862.791336,0.004584946,182,71,7
52140,0.004010769,920668.696188,0.004624152,182,71,7
52160,0.004012308,927522.398562,0.004658576,182,71,7
52180,0.004013846,933444.021201,0.004688318,182,71,7
52200,0.004015385,938470.888259,0.004713565,182,71,7
52220,0.004016923,942655.705723,0.004734584,182,71,7
52240,0.004018462,946064.304803,0.004751704,182,71,7
52260,0.004020000,948773.103234,0.004765309,182,71,7
52280,0.004021538,950866.429059,0.004775823,182,71,7
52300,0.004023077,952433.826035,0.004783696,182,71,7
52320,0.004024615,953567.429301,0.004789389,182,71,7
52340,0.004026154,954359.470798,0.004793368,182,71,7
52360,0.004027692,954899.951741,0.004796082,182,71,7
52380,0.004029231,955274.505982,0.004797963,182,71,7
52400,0.004030769,955562.473128,0.004799410,182,71,7
52420,0.004032308,955835.201533,0.004800780,182,71,7
52440,0.004033846,956154.605156,0.004802384,182,71,7
52460,0.004035385,956572.002514,0.004804480,182,71,7
52480,0.004036923,957127.267788,0.004807269,182,71,7
52500,0.004038462,957848.321098,0.004810891,182,71,7
52520,0.004040000,958750.978323,0.004815424,182,71,7
52540,0.004041538,959839.168718,0.004820890,182,71,7
52560,0.004043077,961105.514065,0.004827250,182,71,7
52580,0.004044615,962532.246405,0.004834416,182,71,7
52600,0.004046154,964092.424790,0.004842252,182,71,7
52620,0.004047692,965751.396483,0.004850585,182,71,7
52640,0.004049231,967468.436502,0.004859209,182,71,7
52660,0.004050769,969198.491213,0.004867898,182,71,7
52680,0.004052308,970893.948973,0.004876414,182,71,7
52700,0.004053846,972506.362324,0.004884512,182,71,7
52720,0.004055385,973988.052451,0.004891954,182,71,7
52740,0.004056923,975293.536572,0.004898511,182,71,7
52760,0.004058462,977365.974469,0.004908920,182,71,7
52780,0.004060000,980038.789355,0.004922344,182,71,7
52800,0.004061538,982249.554059,0.004933448,182,71,7
52820,0.004063077,983965.159181,0.004942065,182,71,7
52840,0.004064615,985160.399575,0.004948068,182,71,7
52860,0.004066154,985817.675923,0.004951370,182,71,7
52880,0.004067692,985926.424275,0.004951916,182,71,7
52900,0.004069231,985482.332260,0.004949685,182,71,7
52920,0.004070769,984486.405185,0.004944683,182,71,7
52940,0.004072308,982943.945520,0.004936936,182,71,7
52960,0.004073846,980863.506819,0.004926487,182,71,7
52980,0.004075385,978255.877477,0.004913390,182,71,7
53000,0.004076923,975145.903921,0.004897769,182,71,7
53020,0.004078462,971745.244573,0.004880689,182,71,7
53040,0.004080000,968105.181347,0.004862407,182,71,7
53060,0.004081538,964051.219386,0.004842045,182,71,7
53080,0.004083077,959372.920992,0.004818548,182,71,7
53100,0.004084615,953865.780428,0.004790888,182,71,7
53120,0.004086154,947349.802623,0.004758161,182,71,7
53140,0.004087692,939683.782661,0.004719657,182,71,7
53160,0.004089231,931035.684420,0.004676221,182,71,7
53180,0.004090769,923814.511463,0.004639952,182,71,7
53200,0.004092308,915601.487011,0.004598702,182,71,7
53220,0.004093846,906394.489957,0.004552459,182,71,7
53240,0.004095385,896213.084389,0.004501321,182,71,7
53260,0.004096923,885092.817826,0.004445469,182,71,7
53280,0.004098462,873070.764716,0.004385087,182,71,7
53300,0.004100000,860190.607460,0.004320395,182,71,7
53320,0.004101538,846533.811430,0.004251802,182,71,7
53340,0.004103077,832214.386364,0.004179881,182,71,7
53360,0.004104615,817367.711103,0.004105312,182,71,7
53380,0.004106154,802138.364412,0.004028822,182,71,7
53400,0.004107692,786669.647268,0.003951128,182,71,7
53420,0.004109231,771096.583840,0.003872911,182,71,7
53440,0.004110769,755542.303615,0.003794788,182,71,7
53460,0.004112308,740116.754793,0.003717312,182,71,7
53480,0.004113846,724916.608585,0.003640967,182,71,7
53500,0.004115385,710025.517473,0.003566175,182,71,7
53520,0.004116923,695514.263851,0.003493291,182,71,7
53540,0.004118462,681440.638169,0.003422605,182,71,7
53560,0.004120000,667849.085399,0.003354340,182,71,7
53580,0.004121538,654770.265281,0.003288650,182,71,7
53600,0.004123077,642220.707812,0.003225619,182,71,7
53620,0.004124615,630202.732005,0.003165257,182,71,7
53640,0.004126154,618704.753041,0.003107508,182,71,7
53660,0.004127692,607702.045495,0.003052245,182,71,7
53680,0.004129231,597157.970936,0.002999287,182,71,7
53700,0.004130769,587025.625625,0.002948396,182,71,7
53720,0.004132308,577249.823614,0.002899296,182,71,7
53740,0.004133846,567769.254636,0.002851679,182,71,7
53760,0.004135385,558513.500780,0.002805191,182,71,7
53780,0.004136923,549407.511628,0.002759455,182,71,7
53800,0.004138462,540394.673826,0.002714187,182,71,7
53820,0.004140000,531438.658431,0.002669205,182,71,7
53840,0.004141538,522518.826758,0.002624404,182,71,7
53860,0.004143077,513622.936962,0.002579723,182,71,7
53880,0.004144615,504739.534851,0.002535106,182,71,7
53900,0.004146154,495852.106951,0.002490468,182,71,7
53920,0.004147692,486935.808567,0.002445685,182,71,7
53940,0.004149231,477956.639016,0.002400586,182,71,7
53960,0.004150769,468872.491977,0.002354960,182,71,7
53980,0.004152308,459635.399801,0.002308566,182,71,7
54000,0.004153846,450194.350946,0.002261147,182,71,7
54020,0.004155385,440498.190294,0.002212447,182,71,7
54040,0.004156923,430498.260598,0.002162221,182,71,7
54060,0.004158462,420150.582686,0.002110249,182,71,7
54080,0.004160000,409417.489191,0.002056341,182,71,7
54100,0.004161538,398268.714754,0.002000345,182,71,7
54120,0.004163077,396629.680423,0.001992113,182,71,7
54140,0.004164615,396509.072078,0.001991507,182,71,7
54160,0.004166154,396155.912174,0.001989733,182,71,7
54180,0.004167692,395561.070915,0.001986746,182,71,7
54200,0.004169231,394720.265122,0.001982523,182,71,7
54220,0.004170769,393633.999766,0.001977067,182,71,7
54240,0.004172308,392307.398235,0.001970404,182,71,7
54260,0.004173846,390749.921994,0.001962581,182,71,7
54280,0.004175385,388974.981331,0.001953666,182,71,7
54300,0.004176923,386999.441555,0.001943744,182,71,7
54320,0.004178462,384843.033256,0.001932913,182,71,7
54340,0.004180000,382527.681523,0.001921284,182,71,7
54360,0.004181538,380076.774199,0.001908974,182,71,7
54380,0.004183077,377514.395531,0.001896104,182,71,7
54400,0.004184615,374864.555778,0.001882795,182,71,7
54420,0.004186154,372154.240786,0.001869183,182,71,7
54440,0.004187692,369416.638237,0.001855433,182,71,7
54460,0.004189231,366660.696643,0.001841591,182,71,7
54480,0.004190769,367582.673510,0.001846221,182,71,7
54500,0.004192308,374537.238734,0.001881151,182,71,7
54520,0.004193846,381272.113401,0.001914978,182,71,7
54540,0.004195385,387798.429564,0.001947757,182,71,7
54560,0.004196923,394138.848468,0.001979602,182,71,7
54580,0.004198462,400311.834348,0.002010607,182,71,7
54600,0.004200000,406327.565032,0.002040822,182,71,7
54620,0.004201538,412053.454024,0.002069580,182,71,7
54640,0.004203077,415414.830047,0.002086463,182,71,7
54660,0.004204615,415721.659748,0.002088004,182,71,7
54680,0.004206154,413994.695434,0.002079330,182,71,7
54700,0.004207692,411139.192582,0.002064988,182,71,7
54720,0.004209231,407761.347455,0.002048023,182,71,7
54740,0.004210769,404250.579695,0.002030390,182,71,7
54760,0.004212308,400851.957792,0.002013320,182,71,7
54780,0.004213846,397711.963286,0.001997549,182,71,7
54800,0.004215385,394918.356161,0.001983518,182,71,7
54820,0.004216923,392499.229847,0.001971367,182,71,7
54840,0.004218462,390439.033689,0.001961020,182,71,7
54860,0.004220000,388699.486610,0.001952283,182,71,7
54880,0.004221538,387232.086513,0.001944913,182,71,7
54900,0.004223077,385984.691967,0.001938647,182,71,7
54920,0.004224615,384904.062050,0.001933220,182,71,7
54940,0.004226154,383936.314834,0.001928359,182,71,7
54960,0.004227692,383026.875332,0.001923791,182,71,7
54980,0.004229231,382120.857010,0.001919241,182,71,7
55000,0.004230769,381164.230409,0.001914436,182,71,7
55020,0.004232308,380105.706259,0.001909120,182,71,7
55040,0.004233846,378899.022413,0.001903059,182,71,7
55060,0.004235385,377505.243965,0.001896058,182,71,7
55080,0.004236923,375894.716865,0.001887969,182,71,7
55100,0.004238462,374048.409289,0.001878696,182,71,7
55120,0.004240000,371209.154152,0.001864436,182,71,7
55140,0.004241538,367005.261046,0.001843321,182,71,7
55160,0.004243077,361452.200742,0.001815430,182,71,7
55180,0.004244615,354467.731721,0.001780350,182,71,7
55200,0.004246154,346153.798304,0.001738593,182,71,7
55220,0.004247692,336712.185367,0.001691171,182,71,7
55240,0.004249231,326410.140288,0.001639428,182,71,7
55260,0.004250769,315596.516755,0.001585116,182,71,7
55280,0.004252308,304716.397661,0.001530469,182,71,7
55300,0.004253846,294295.568509,0.001478129,182,71,7
55320,0.004255385,284892.036960,0.001430899,182,71,7
55340,0.004256923,289999.759989,0.001456553,182,71,7
55360,0.004258462,297735.872880,0.001495409,182,71,7
55380,0.004260000,303742.942035,0.001525580,182,71,7
55400,0.004261538,307767.981724,0.001545796,182,71,7
55420,0.004263077,309734.907394,0.001555675,182,71,7
55440,0.004264615,309728.337866,0.001555642,182,71,7
55460,0.004266154,307962.056180,0.001546771,182,71,7
55480,0.004267692,304739.681334,0.001530586,182,71,7
55500,0.004269231,300414.767430,0.001508864,182,71,7
55520,0.004270769,295219.952872,0.001482772,182,71,7
55540,0.004272308,294825.139585,0.001480789,182,71,7
55560,0.004273846,298864.864228,0.001501079,182,71,7
55580,0.004275385,300343.649266,0.001508507,182,71,7
55600,0.004276923,299843.863188,0.001505996,182,71,7
55620,0.004278462,298164.118712,0.001497560,182,71,7
55640,0.004280000,295937.185514,0.001486375,182,71,7
55660,0.004281538,293588.452817,0.001474578,182,71,7
55680,0.004283077,291346.367367,0.001463317,182,71,7
55700,0.004284615,289279.372435,0.001452935,182,71,7
55720,0.004286154,287346.465990,0.001443227,182,71,7
55740,0.004287692,285439.385809,0.001433648,182,71,7
55760,0.004289231,284194.727121,0.001427397,182,71,7
55780,0.004290769,282729.546015,0.001420038,182,71,7
55800,0.004292308,280750.434135,0.001410098,182,71,7
55820,0.004293846,278226.686234,0.001397422,182,71,7
55840,0.004295385,275169.784327,0.001382068,182,71,7
55860,0.004296923,271623.947191,0.001364259,182,71,7
55880,0.004298462,268315.910479,0.001347644,182,71,7
55900,0.004300000,265250.482338,0.001332248,182,71,7
55920,0.004301538,262061.962981,0.001316233,182,71,7
55940,0.004303077,258768.171795,0.001299689,182,71,7
55960,0.004304615,255386.843054,0.001282706,182,71,7
55980,0.004306154,251933.253787,0.001265360,182,71,7
56000,0.004307692,248418.011027,0.001247705,182,71,7
56020,0.004309231,244845.492191,0.001229761,182,71,7
56040,0.004310769,241213.231460,0.001211518,182,71,7
56060,0.004312308,237512.317794,0.001192930,182,71,7
56080,0.004313846,233728.680174,0.001173926,182,71,7
56100,0.004315385,229845.009628,0.001154420,182,71,7
56120,0.004316923,225843.014079,0.001134320,182,71,7
56140,0.004318462,221705.707197,0.001113539,182,71,7
56160,0.004320000,217419.478530,0.001092011,182,71,7
56180,0.004321538,214219.903984,0.001075941,182,71,7
56200,0.004323077,213751.413807,0.001073588,182,71,7
56220,0.004324615,213204.133101,0.001070839,182,71,7
56240,0.004326154,212586.220929,0.001067736,182,71,7
56260,0.004327692,211908.665022,0.001064333,182,71,7
56280,0.004329231,211185.076032,0.001060699,182,71,7
56300,0.004330769,210431.310824,0.001056913,182,71,7
56320,0.004332308,209664.915234,0.001053063,182,71,7
56340,0.004333846,208904.295711,0.001049243,182,71,7
56360,0.004335385,208166.771355,0.001045539,182,71,7
56380,0.004336923,207470.428656,0.001042041,182,71,7
56400,0.004338462,206834.004590,0.001038845,182,71,7
56420,0.004340000,206273.692653,0.001036031,182,71,7
56440,0.004341538,205801.095514,0.001033657,182,71,7
56460,0.004343077,205422.218680,0.001031754,182,71,7
56480,0.004344615,205137.283366,0.001030323,182,71,7
56500,0.004346154,204941.084069,0.001029337,182,71,7
56520,0.004347692,204823.631678,0.001028748,182,71,7
56540,0.004349231,204771.072662,0.001028484,182,71,7
56560,0.004350769,204766.778199,0.001028462,182,71,7
56580,0.004352308,204798.117271,0.001028619,182,71,7
56600,0.004353846,204849.391570,0.001028877,182,71,7
56620,0.004355385,209351.120477,0.001051487,182,71,7
56640,0.004356923,218892.992448,0.001099412,182,71,7
56660,0.004358462,228146.219405,0.001145888,182,71,7
56680,0.004360000,237062.401681,0.001190670,182,71,7
56700,0.004361538,245602.443561,0.001233563,182,71,7
56720,0.004363077,253738.899981,0.001274429,182,71,7
56740,0.004364615,261455.429199,0.001313186,182,71,7
56760,0.004366154,268745.077185,0.001349799,182,71,7
56780,0.004367692,275608.391310,0.001384271,182,71,7
56800,0.004369231,282051.749011,0.001416634,182,71,7
56820,0.004370769,288085.965921,0.001446941,182,71,7
56840,0.004372308,293725.132875,0.001475264,182,71,7
56860,0.004373846,298985.622207,0.001501686,182,71,7
56880,0.004375385,303885.230607,0.001526294,182,71,7
56900,0.004376923,308442.452586,0.001549184,182,71,7
56920,0.004378462,312675.890219,0.001570446,182,71,7
56940,0.004380000,316603.801448,0.001590175,182,71,7
56960,0.004381538,320243.777715,0.001608457,182,71,7
56980,0.004383077,323612.529728,0.001625377,182,71,7
57000,0.004384615,326725.752570,0.001641013,182,71,7
57020,0.004386154,329598.041511,0.001655440,182,71,7
57040,0.004387692,332242.836030,0.001668723,182,71,7
57060,0.004389231,334672.379400,0.001680926,182,71,7
57080,0.004390769,336897.692125,0.001692103,182,71,7
57100,0.004392308,338928.565266,0.001702303,182,71,7
57120,0.004393846,340773.584643,0.001711570,182,71,7
57140,0.004395385,342440.196342,0.001719941,182,71,7
57160,0.004396923,343934.820435,0.001727448,182,71,7
57180,0.004398462,345263.013587,0.001734119,182,71,7
57200,0.004400000,346429.673918,0.001739978,182,71,7
57220,0.004401538,347439.275387,0.001745049,182,71,7
57240,0.004403077,348296.114151,0.001749353,182,71,7
57260,0.004404615,349004.547097,0.001752911,182,71,7
57280,0.004406154,349569.203256,0.001755747,182,71,7
57300,0.004407692,349995.151041,0.001757886,182,71,7
57320,0.004409231,350288.008524,0.001759357,182,71,7
57340,0.004410769,350453.989360,0.001760191,182,71,7
57360,0.004412308,350499.882076,0.001760421,182,71,7
57380,0.004413846,350432.966115,0.001760085,182,71,7
57400,0.004415385,350260.872359,0.001759221,182,71,7
57420,0.004416923,349991.399234,0.001757867,182,71,7
57440,0.004418462,349632.298215,0.001756064,182,71,7
57460,0.004420000,349191.043285,0.001753848,182,71,7
57480,0.004421538,348674.599116,0.001751254,182,71,7
57500,0.004423077,348089.201933,0.001748313,182,71,7
57520,0.004424615,347440.165111,0.001745054,182,71,7
57540,0.004426154,346731.719545,0.001741495,182,71,7
57560,0.004427692,345966.896013,0.001737654,182,71,7
57580,0.004429231,345147.454418,0.001733538,182,71,7
57600,0.004430769,344273.861608,0.001729150,182,71,7
57620,0.004432308,343345.317626,0.001724487,182,71,7
57640,0.004433846,342359.827289,0.001719537,182,71,7
57660,0.004435385,341314.312695,0.001714286,182,71,7
57680,0.004436923,340204.760524,0.001708713,182,71,7
57700,0.004438462,339026.396927,0.001702795,182,71,7
57720,0.004440000,337773.882249,0.001696504,182,71,7
57740,0.004441538,336441.517533,0.001689812,182,71,7
57760,0.004443077,335023.454905,0.001682689,182,71,7
57780,0.004444615,334024.134974,0.001677670,182,71,7
57800,0.004446154,333685.093610,0.001675967,182,71,7
57820,0.004447692,333217.226783,0.001673617,182,71,7
57840,0.004449231,332613.525780,0.001670585,182,71,7
57860,0.004450769,331867.716908,0.001666839,182,71,7
57880,0.004452308,331327.662766,0.001664127,182,71,7
57900,0.004453846,331444.964455,0.001664716,182,71,7
57920,0.004455385,331381.114793,0.001664395,182,71,7
57940,0.004456923,331132.479195,0.001663147,182,71,7
57960,0.004458462,330696.413993,0.001660956,182,71,7
57980,0.004460000,330071.279576,0.001657817,182,71,7
58000,0.004461538,329256.431077,0.001653724,182,71,7
58020,0.004463077,328252.188280,0.001648680,182,71,7
58040,0.004464615,327059.786928,0.001642691,182,71,7
58060,0.004466154,325681.314245,0.001635768,182,71,7
58080,0.004467692,324119.631605,0.001627924,182,71,7
58100,0.004469231,322378.287821,0.001619178,182,71,7
58120,0.004470769,320461.426224,0.001609550,182,71,7
58140,0.004472308,318373.688967,0.001599064,182,71,7
58160,0.004473846,316120.121562,0.001587745,182,71,7
58180,0.004475385,313706.080428,0.001575621,182,71,7
58200,0.004476923,311137.145851,0.001562718,182,71,7
58220,0.004478462,308419.042375,0.001549066,182,71,7
58240,0.004480000,305557.568002,0.001534694,182,71,7
58260,0.004481538,302558.533357,0.001519631,182,71,7
58280,0.004483077,299427.711171,0.001503906,182,71,7
58300,0.004484615,296170.796396,0.001487548,182,71,7
58320,0.004486154,292793.376443,0.001470585,182,71,7
58340,0.004487692,289300.911003,0.001453043,182,71,7
58360,0.004489231,285698.720523,0.001434951,182,71,7
58380,0.004490769,281991.982036,0.001416333,182,71,7
58400,0.004492308,278185.731416,0.001397216,182,71,7
58420,0.004493846,274284.870260,0.001377624,182,71,7
58440,0.004495385,270294.176346,0.001357580,182,71,7
58460,0.004496923,266218.316281,0.001337109,182,71,7
58480,0.004498462,262061.858991,0.001316232,182,71,7
58500,0.004500000,257829.289246,0.001294974,182,71,7
58520,0.004501538,253525.019873,0.001273355,182,71,7
58540,0.004503077,249153.402510,0.001251398,182,71,7
58560,0.004504615,244718.735661,0.001229125,182,71,7
58580,0.004506154,240225.270372,0.001206556,182,71,7
58600,0.004507692,235677.212952,0.001183713,182,71,7
58620,0.004509231,231078.724942,0.001160616,182,71,7
58640,0.004510769,226433.920448,0.001137287,182,71,7
58660,0.004512308,221746.861170,0.001113746,182,71,7
58680,0.004513846,217021.549539,0.001090013,182,71,7
58700,0.004515385,212261.920443,0.001066107,182,71,7
58720,0.004516923,207471.832119,0.001042048,182,71,7
58740,0.004518462,202655.056688,0.001017856,182,71,7
58760,0.004520000,197815.271082,0.000993547,182,71,7
58780,0.004521538,192956.048572,0.000969141,182,71,7
58800,0.004523077,188080.851688,0.000944655,182,71,7
58820,0.004524615,183193.026734,0.000920106,182,71,7
58840,0.004526154,178295.800373,0.000895509,182,71,7
58860,0.004527692,173392.278398,0.000870880,182,71,7
58880,0.004529231,168485.446880,0.000846235,182,71,7
58900,0.004530769,163578.175854,0.000821588,182,71,7
58920,0.004532308,158673.225368,0.000796952,182,71,7
58940,0.004533846,153773.253832,0.000772342,182,71,7
58960,0.004535385,148880.828558,0.000747769,182,71,7
58980,0.004536923,143998.438151,0.000723247,182,71,7
59000,0.004538462,139128.506443,0.000698787,182,71,7
59020,0.004540000,134273.407780,0.000674402,182,71,7
59040,0.004541538,129435.483155,0.000650103,182,71,7
59060,0.004543077,124617.056764,0.000625902,182,71,7
59080,0.004544615,120520.615701,0.000605327,182,71,7
59100,0.004546154,117385.788541,0.000589582,182,71,7
59120,0.004547692,114264.291362,0.000573904,182,71,7
59140,0.004549231,111155.528925,0.000558290,182,71,7
59160,0.004550769,108059.074792,0.000542738,182,71,7
59180,0.004552308,104974.688882,0.000527246,182,71,7
59200,0.004553846,101902.332993,0.000511815,182,71,7
59220,0.004555385,98842.184411,0.000496445,182,71,7
59240,0.004556923,95794.647624,0.000481138,182,71,7
59260,0.004558462,92760.364016,0.000465898,182,71,7
59280,0.004560000,89740.219773,0.000450729,182,71,7
59300,0.004561538,86735.352085,0.000435637,182,71,7
59320,0.004563077,83747.153757,0.000420629,182,71,7
59340,0.004564615,80777.276617,0.000405712,182,71,7
59360,0.004566154,77827.633731,0.000390897,182,71,7
59380,0.004567692,75029.789224,0.000376845,182,71,7
59400,0.004569231,72958.539582,0.000366442,182,71,7
59420,0.004570769,70889.578896,0.000356050,182,71,7
59440,0.004572308,68825.202544,0.000345682,182,71,7
59460,0.004573846,66768.017521,0.000335349,182,71,7
59480,0.004575385,64720.943595,0.000325068,182,71,7
59500,0.004576923,62687.216144,0.000314853,182,71,7
59520,0.004578462,60670.391356,0.000304723,182,71,7
59540,0.004580000,58674.354730,0.000294698,182,71,7
59560,0.004581538,56703.333859,0.000284798,182,71,7
59580,0.004583077,54761.916874,0.000275047,182,71,7
59600,0.004584615,52855.078265,0.000265470,182,71,7
59620,0.004586154,50988.214238,0.000256093,182,71,7
59640,0.004587692,49423.531917,0.000248235,182,71,7
59660,0.004589231,49911.659348,0.000250686,182,71,7
59680,0.004590769,50325.933240,0.000252767,182,71,7
59700,0.004592308,50679.700125,0.000254544,182,71,7
59720,0.004593846,51033.591386,0.000256321,182,71,7
59740,0.004595385,51397.911461,0.000258151,182,71,7
59760,0.004596923,51760.842791,0.000259974,182,71,7
59780,0.004598462,52117.332290,0.000261765,182,71,7
59800,0.004600000,52464.063552,0.000263506,182,71,7
59820,0.004601538,52794.972412,0.000265168,182,71,7
59840,0.004603077,53100.039767,0.000266700,182,71,7
59860,0.004604615,53287.592604,0.000267642,182,71,7
59880,0.004606154,53269.408110,0.000267551,182,71,7
59900,0.004607692,53090.168727,0.000266651,182,71,7
59920,0.004609231,52814.842454,0.000265268,182,71,7
59940,0.004610769,52491.154424,0.000263642,182,71,7
59960,0.004612308,52192.610345,0.000262143,182,71,7
59980,0.004613846,52256.815723,0.000262465,182,71,7
